report_date,search_vertical,search_query,control_searches,treatment_searches,control_ctr,treatment_ctr,control_cvr,treatment_cvr,ctr_pct_change,cvr_pct_change,ctr_stat_sig,cvr_stat_sig,control_avg_click_rank,treatment_avg_click_rank,control_zrr,treatment_zrr,zrr_pct_change,treatment_traffic_pct
2026-05-28,ALL,BBQ,486,481,0.1193,0.1185,0.0267,0.0187,-0.67,-29.96,No,No,0.71,0.63,0.0,0.0,,49.7
2026-05-28,ALL,처갓집양념치킨,437,448,0.2563,0.3192,0.0526,0.0379,24.54,-27.95,Yes,No,0.47,0.52,0.0,0.0,,50.6
2026-05-28,ALL,맘스터치,180,174,0.7889,0.7759,0.1722,0.1782,-1.65,3.48,No,No,0.48,0.47,0.0,0.0,,49.2
2026-05-28,ALL,마라탕,183,164,0.4645,0.5122,0.1421,0.1829,10.27,28.71,No,No,1.0,1.05,0.0,0.0,,47.3
2026-05-28,ALL,엽기떡볶이,164,153,0.811,0.7843,0.1829,0.2288,-3.29,25.1,No,No,0.37,0.31,0.0,0.0,,48.3
2026-05-28,ALL,노랑통닭,110,138,0.8182,0.6667,0.2273,0.1449,-18.52,-36.25,Yes,No,0.53,0.61,0.0,0.0,,55.6
2026-05-28,ALL,서브웨이,113,128,0.7434,0.8672,0.1858,0.2031,16.65,9.31,Yes,No,0.2,0.28,0.0,0.0,,53.1
2026-05-28,BAEMIN_DELIVERY,냉면,134,94,0.5821,0.7128,0.2388,0.1809,22.45,-24.25,Yes,No,3.69,3.91,0.0,0.0,,41.2
2026-05-28,ALL,냉면,132,94,0.4773,0.4894,0.1667,0.1702,2.54,2.1,No,No,0.92,1.24,0.0,0.0,,41.6
2026-05-28,ALL,김밥,121,100,0.5041,0.5,0.1405,0.15,-0.81,6.76,No,No,1.38,1.3,0.0,0.0,,45.2
2026-05-28,ALL,롯데리아,107,108,0.785,0.7778,0.2804,0.3241,-0.92,15.58,No,No,0.1,0.23,0.0,0.0,,50.2
2026-05-28,BAEMIN_DELIVERY,처갓집양념치킨,121,91,0.6942,0.6374,0.2066,0.1758,-8.18,-14.91,No,No,0.94,0.66,0.0,0.0,,42.9
2026-05-28,BAEMIN_DELIVERY,마라탕,109,101,0.5596,0.6139,0.156,0.2277,9.7,45.96,No,No,2.84,3.85,0.0,0.0,,48.1
2026-05-28,ALL,맥도날드,90,113,0.7778,0.7345,0.2556,0.2124,-5.57,-16.9,No,No,0.13,0.04,0.0,0.0,,55.7
2026-05-28,BAEMIN_DELIVERY,김밥,98,97,0.6429,0.732,0.1531,0.1856,13.86,21.23,No,No,5.75,2.69,0.0,0.0,,49.7
2026-05-28,ALL,메가커피,94,97,0.7234,0.6907,0.1915,0.1649,-4.52,-13.89,No,No,0.78,1.1,0.0,0.0,,50.8
2026-05-28,ALL,공차,53,133,0.7736,0.3534,0.2075,0.0977,-54.32,-52.92,Yes,Yes,0.27,0.26,0.0,0.0,,71.5
2026-05-28,ALL,김치찜,86,96,0.3953,0.2708,0.0814,0.0938,-31.5,15.23,No,No,0.91,0.73,0.0,0.0,,52.7
2026-05-28,ALL,피자,89,89,0.427,0.3596,0.1573,0.1236,-15.78,-21.42,No,No,1.18,1.25,0.0,0.0,,50.0
2026-05-28,BAEMIN_DELIVERY,맘스터치,97,77,0.7423,0.7662,0.1649,0.1429,3.22,-13.34,No,No,0.83,0.61,0.0,0.0,,44.3
2026-05-28,BAEMIN_DELIVERY,김치찜,70,99,0.7857,0.6566,0.1714,0.101,-16.43,-41.07,No,No,1.4,1.83,0.0,0.0,,58.6
2026-05-28,ALL,교촌치킨,86,78,0.814,0.8077,0.2558,0.1667,-0.77,-34.83,No,No,0.34,0.27,0.0,0.0,,47.6
2026-05-28,ALL,파리바게트,77,87,0.7013,0.8046,0.0779,0.1034,14.73,32.73,No,No,0.33,0.46,0.0,0.0,,53.0
2026-05-28,ALL,초밥,83,78,0.494,0.5128,0.0964,0.1026,3.81,6.43,No,No,0.88,0.95,0.0,0.0,,48.4
2026-05-28,ALL,본죽,75,85,0.76,0.5412,0.32,0.1765,-28.79,-44.84,Yes,Yes,0.58,0.85,0.0,0.0,,53.1
2026-05-28,ALL,닭발,70,82,0.4,0.4878,0.1714,0.0976,21.95,-43.06,No,No,1.04,1.03,0.0,0.0,,53.9
2026-05-28,ALL,족발,71,81,0.5211,0.5062,0.2254,0.1111,-2.86,-50.71,No,No,0.92,1.12,0.0,0.0,,53.3
2026-05-28,BAEMIN_DELIVERY,초밥,81,70,0.6667,0.6571,0.1358,0.1429,-1.44,5.23,No,No,4.72,2.43,0.0,0.0,,46.4
2026-05-28,BAEMIN_DELIVERY,피자,69,78,0.6087,0.6667,0.2029,0.2692,9.53,32.68,No,No,3.52,6.62,0.0,0.0,,53.1
2026-05-28,BAEMIN_DELIVERY,햄버거,82,65,0.622,0.5538,0.2317,0.1846,-10.96,-20.33,No,No,5.33,4.72,0.0,0.0,,44.2
2026-05-28,ALL,이삭토스트,66,79,0.6515,0.6962,0.1061,0.1646,6.86,55.14,No,No,0.14,0.25,0.0,0.0,,54.5
2026-05-28,ALL,햄버거,66,77,0.3182,0.4156,0.0758,0.1299,30.61,71.37,No,No,0.29,1.28,0.0,0.0,,53.8
2026-05-28,ALL,치킨,64,77,0.4844,0.3636,0.1406,0.0649,-24.94,-53.84,No,No,1.58,1.36,0.0,0.0,,54.6
2026-05-28,BAEMIN_DELIVERY,떡볶이,62,79,0.6452,0.6456,0.1613,0.1772,0.06,9.86,No,No,5.0,7.08,0.0,0.0,,56.0
2026-05-28,BAEMIN_DELIVERY,샌드위치,68,67,0.7941,0.6119,0.25,0.1343,-22.94,-46.28,Yes,No,6.7,7.56,0.0,0.0,,49.6
2026-05-28,ALL,떡볶이,59,71,0.3559,0.338,0.1017,0.1549,-5.03,52.31,No,No,1.29,1.33,0.0,0.0,,54.6
2026-05-28,ALL,반찬,60,69,0.5667,0.6087,0.1,0.1739,7.41,73.9,No,No,1.06,1.26,0.0,0.0,,53.5
2026-05-28,BAEMIN_DELIVERY,롯데리아,77,52,0.8182,0.8077,0.3117,0.3269,-1.28,4.88,No,No,0.3,0.21,0.0,0.0,,40.3
2026-05-28,BAEMIN_DELIVERY,닭발,60,68,0.5667,0.6912,0.1167,0.1912,21.97,63.84,No,No,9.24,3.57,0.0,0.0,,53.1
2026-05-28,ALL,빙수,65,62,0.5538,0.5968,0.1077,0.1452,7.76,34.82,No,No,1.36,1.11,0.0,0.0,,48.8
2026-05-28,BAEMIN_DELIVERY,케이크,53,72,0.8302,0.7778,0.0755,0.0833,-6.31,10.33,No,No,7.05,5.84,0.0,0.0,,57.6
2026-05-28,ALL,죽,65,59,0.6,0.5763,0.2154,0.2203,-3.95,2.27,No,No,1.05,0.91,0.0,0.0,,47.6
2026-05-28,BAEMIN_DELIVERY,치킨,64,56,0.4219,0.625,0.1094,0.1607,48.14,46.89,Yes,No,6.78,8.17,0.0,0.0,,46.7
2026-05-28,BAEMIN_DELIVERY,빙수,60,59,0.7167,0.5932,0.1667,0.1186,-17.23,-28.85,No,No,3.4,3.74,0.0,0.0,,49.6
2026-05-28,ALL,돈까스,59,58,0.5593,0.431,0.1695,0.1207,-22.94,-28.79,No,No,1.03,0.8,0.0,0.0,,49.6
2026-05-28,ALL,샌드위치,54,63,0.4259,0.5238,0.037,0.0635,22.99,71.62,No,No,1.43,1.18,0.0,0.0,,53.8
2026-05-28,ALL,설빙,53,62,0.7547,0.8226,0.2075,0.1774,9.0,-14.51,No,No,0.2,0.41,0.0,0.0,,53.9
2026-05-28,BAEMIN_DELIVERY,노랑통닭,34,81,0.7941,0.6914,0.1765,0.0864,-12.93,-51.05,No,No,0.41,0.93,0.0294,0.0,-100.0,70.4
2026-05-28,ALL,교촌,55,59,0.7455,0.8305,0.2727,0.2203,11.4,-19.22,No,No,0.49,0.33,0.0,0.0,,51.8
2026-05-28,ALL,샐러드,62,52,0.4516,0.5192,0.1129,0.0577,14.97,-48.89,No,No,1.07,1.44,0.0,0.0,,45.6
2026-05-28,ALL,쌀국수,63,49,0.4603,0.6122,0.2381,0.1633,33.0,-31.42,No,No,0.62,0.9,0.0,0.0,,43.8
2026-05-28,BAEMIN_DELIVERY,돈까스,55,57,0.6,0.6491,0.2,0.193,8.18,-3.5,No,No,7.76,7.65,0.0,0.0,,50.9
2026-05-28,BAEMIN_DELIVERY,엽기떡볶이,57,54,0.7368,0.7778,0.1404,0.2407,5.56,71.44,No,No,0.62,0.5,0.0,0.0,,48.6
2026-05-28,ALL,케이크,53,57,0.5472,0.5614,0.0377,0.0526,2.6,39.52,No,No,0.86,1.34,0.0,0.0,,51.8
2026-05-28,ALL,두찜,50,59,0.74,0.7288,0.1,0.1186,-1.51,18.6,No,No,0.54,0.53,0.0,0.0,,54.1
2026-05-28,ALL,엽떡,45,64,0.9778,0.8281,0.2889,0.2344,-15.31,-18.86,Yes,No,0.25,0.4,0.0,0.0,,58.7
2026-05-28,ALL,굽네치킨,53,55,0.6792,0.6909,0.2264,0.1091,1.72,-51.81,No,No,0.53,0.45,0.0,0.0,,50.9
2026-05-28,ALL,짬뽕,66,41,0.2121,0.3415,0.0909,0.0,61.01,-100.0,No,Yes,1.21,0.64,0.0,0.0,,38.3
2026-05-28,BAEMIN_DELIVERY,샐러드,62,45,0.6613,0.7333,0.0968,0.2667,10.89,175.52,No,Yes,6.07,4.21,0.0,0.0,,42.1
2026-05-28,BAEMIN_DELIVERY,국밥,52,54,0.5769,0.6667,0.2115,0.1852,15.57,-12.43,No,No,2.13,4.5,0.0,0.0,,50.9
2026-05-28,BAEMIN_DELIVERY,족발,52,54,0.6923,0.6852,0.2115,0.1667,-1.03,-21.18,No,No,2.72,3.16,0.0,0.0,,50.9
2026-05-28,ALL,요아정,74,31,0.7432,0.8065,0.2432,0.1613,8.52,-33.68,No,No,0.55,0.52,0.0,0.0,,29.5
2026-05-28,ALL,육회,62,43,0.4839,0.7209,0.1129,0.093,48.98,-17.63,Yes,No,1.33,0.97,0.0,0.0,,41.0
2026-05-28,BAEMIN_DELIVERY,찜닭,56,47,0.6429,0.6383,0.2321,0.2128,-0.72,-8.32,No,No,2.5,3.23,0.0,0.0,,45.6
2026-05-28,ALL,컴포즈,57,45,0.8246,0.6,0.0702,0.0667,-27.24,-4.99,Yes,No,0.3,0.48,0.0,0.0,,44.1
2026-05-28,ALL,피자스쿨,51,50,0.7843,0.8,0.2745,0.12,2.0,-56.28,No,No,0.32,0.47,0.0,0.0,,49.5
2026-05-28,ALL,포케,41,59,0.7317,0.5593,0.2927,0.1186,-23.56,-59.48,No,Yes,1.03,0.91,0.0,0.0,,59.0
2026-05-28,BAEMIN_DELIVERY,짬뽕,51,47,0.451,0.5745,0.1765,0.1277,27.38,-27.65,No,No,4.65,3.7,0.0,0.0,,48.0
2026-05-28,BAEMIN_DELIVERY,맥도날드,34,63,0.8235,0.6984,0.2647,0.2698,-15.19,1.93,No,No,0.11,0.2,0.0,0.0,,64.9
2026-05-28,ALL,닭강정,54,42,0.5926,0.5476,0.1296,0.2381,-7.59,83.72,No,No,1.31,0.96,0.0,0.0,,43.8
2026-05-28,ALL,쏘쏘사라다,49,47,0.0816,0.1064,0.0,0.0,30.39,,No,No Orders,1.25,0.4,0.0,0.0,,49.0
2026-05-28,ALL,뚜레쥬르,40,55,0.7,0.7818,0.125,0.1273,11.69,1.84,No,No,0.61,0.26,0.0,0.0,,57.9
2026-05-28,BAEMIN_DELIVERY,교촌치킨,46,49,0.7826,0.8163,0.2174,0.3265,4.31,50.18,No,No,0.78,0.63,0.0,0.0,,51.6
2026-05-28,BAEMIN_DELIVERY,쌀국수,49,46,0.5918,0.7826,0.102,0.1304,32.24,27.84,Yes,No,3.14,3.42,0.0,0.0,,48.4
2026-05-28,ALL,버거킹,44,50,0.75,0.78,0.25,0.36,4.0,44.0,No,No,0.18,0.23,0.0,0.0,,53.2
2026-05-28,ALL,명랑핫도그,43,50,0.814,0.78,0.1628,0.18,-4.18,10.57,No,No,0.11,0.18,0.0,0.0,,53.8
2026-05-28,ALL,회,46,47,0.4783,0.4894,0.1304,0.1064,2.32,-18.4,No,No,1.23,0.87,0.0,0.0,,50.5
2026-05-28,ALL,파스타,38,54,0.5,0.5185,0.0789,0.0926,3.7,17.36,No,No,1.11,1.04,0.0,0.0,,58.7
2026-05-28,ALL,과일,44,47,0.6136,0.5319,0.1364,0.1277,-13.31,-6.38,No,No,1.22,0.72,0.0,0.0,,51.6
2026-05-28,ALL,국밥,49,41,0.4898,0.439,0.102,0.1707,-10.37,67.35,No,No,1.33,0.72,0.0,0.0,,45.6
2026-05-28,BAEMIN_DELIVERY,BBQ,52,38,0.7115,0.5526,0.1538,0.0526,-22.33,-65.8,No,No,1.73,1.19,0.0,0.0,,42.2
2026-05-28,ALL,찜닭,42,46,0.619,0.5652,0.0952,0.1739,-8.69,82.67,No,No,0.85,1.23,0.0,0.0,,52.3
2026-05-28,BAEMIN_DELIVERY,반찬,52,36,0.6731,0.75,0.1923,0.1667,11.42,-13.31,No,No,3.51,4.7,0.0,0.0,,40.9
2026-05-28,ALL,지코바,60,27,0.8833,0.7778,0.2167,0.2963,-11.94,36.73,Insufficient Data,Insufficient Data,0.45,0.38,0.0,0.0,,31.0
2026-05-28,ALL,한솥,46,41,0.7609,0.7317,0.2174,0.1707,-3.84,-21.48,No,No,0.6,0.53,0.0,0.0,,47.1
2026-05-28,BAEMIN_DELIVERY,파스타,33,53,0.7879,0.6792,0.1515,0.1887,-13.8,24.55,No,No,2.69,3.58,0.0,0.0,,61.6
2026-05-28,ALL,카페인중독,34,51,0.7941,0.7059,0.1176,0.098,-11.11,-16.67,No,No,0.15,0.5,0.0,0.0,,60.0
2026-05-28,ALL,빽다방,40,44,0.7,0.7273,0.25,0.1136,3.9,-54.56,No,No,0.61,0.47,0.0,0.0,,52.4
2026-05-28,ALL,타코야끼,38,46,0.5263,0.4565,0.1316,0.1522,-13.26,15.65,No,No,0.85,0.71,0.0,0.0,,54.8
2026-05-28,BAEMIN_DELIVERY,육회,53,31,0.6415,0.7419,0.1509,0.2258,15.65,49.64,No,No,3.21,1.7,0.0,0.0,,36.9
2026-05-28,ALL,와플,45,38,0.6,0.4737,0.1333,0.1316,-21.05,-1.28,No,No,1.11,1.89,0.0,0.0,,45.8
2026-05-28,BAEMIN_DELIVERY,닭강정,56,27,0.6607,0.6667,0.1786,0.1111,0.91,-37.79,Insufficient Data,Insufficient Data,2.84,4.22,0.0,0.0,,32.5
2026-05-28,BAEMIN_DELIVERY,회,44,39,0.5682,0.6154,0.1136,0.1282,8.31,12.85,No,No,2.52,3.75,0.0,0.0,,47.0
2026-05-28,ALL,bhc,35,47,0.7143,0.5957,0.0857,0.1277,-16.6,49.01,No,No,0.8,0.39,0.0,0.0,,57.3
2026-05-28,ALL,투썸플레이스,39,42,0.7949,0.7381,0.0513,0.0952,-7.15,85.58,No,No,0.16,0.48,0.0,0.0,,51.9
2026-05-28,BAEMIN_DELIVERY,타코야끼,54,26,0.537,0.6154,0.1481,0.1923,14.6,29.84,Insufficient Data,Insufficient Data,2.1,4.94,0.0,0.0,,32.5
2026-05-28,ALL,이디야,38,41,0.6842,0.8049,0.1579,0.2195,17.64,39.01,No,No,0.38,0.64,0.0,0.0,,51.9
2026-05-28,BAEMIN_DELIVERY,교촌,36,42,0.6944,0.8095,0.25,0.2619,16.58,4.76,No,No,0.36,0.32,0.0,0.0,,53.8
2026-05-28,BAEMIN_DELIVERY,호식이두마리치킨,46,32,0.4565,0.625,0.0652,0.1563,36.91,139.72,No,No,0.43,1.15,0.0,0.0,,41.0
2026-05-28,ALL,신전떡볶이,34,43,0.8529,0.5814,0.4118,0.093,-31.83,-77.42,Yes,Yes,0.28,0.68,0.0,0.0,,55.8
2026-05-28,BAEMIN_DELIVERY,와플,39,38,0.8718,0.6842,0.1538,0.0789,-21.52,-48.7,Yes,No,2.91,3.85,0.0256,0.0,-100.0,49.4
2026-05-28,ALL,kfc,44,32,0.9091,0.9688,0.1364,0.2813,6.57,106.23,No,No,0.2,0.03,0.0,0.0,,42.1
2026-05-28,ALL,마라샹궈,27,48,0.4074,0.6667,0.1481,0.1875,63.65,26.6,Insufficient Data,Insufficient Data,0.27,1.09,0.0,0.0,,64.0
2026-05-28,ALL,BHC,43,31,0.6744,0.7097,0.1395,0.2903,5.23,108.1,No,No,0.41,1.0,0.0,0.0,,41.9
2026-05-28,ALL,아이스크림,41,33,0.439,0.4545,0.0732,0.0303,3.53,-58.61,No,No,1.11,1.07,0.0,0.0,,44.6
2026-05-28,BAEMIN_DELIVERY,과일,26,48,0.5385,0.6667,0.1538,0.2083,23.81,35.44,Insufficient Data,Insufficient Data,2.29,3.63,0.0,0.0,,64.9
2026-05-28,BAEMIN_DELIVERY,메가커피,31,42,0.6774,0.6429,0.1613,0.119,-5.09,-26.22,No,No,2.1,2.26,0.0,0.0,,57.5
2026-05-28,ALL,도시락,33,39,0.5152,0.4359,0.2424,0.0769,-15.39,-68.28,No,No,1.06,1.18,0.0,0.0,,54.2
2026-05-28,BAEMIN_DELIVERY,죽,37,35,0.7568,0.6571,0.1622,0.2286,-13.17,40.94,No,No,3.04,5.04,0.0,0.0,,48.6
2026-05-28,ALL,처갓집,38,33,0.7105,0.7576,0.1053,0.1818,6.63,72.65,No,No,0.63,0.76,0.0,0.0,,46.5
2026-05-28,ALL,써브웨이,29,41,0.7586,0.8049,0.2069,0.2195,6.1,6.09,Insufficient Data,Insufficient Data,0.36,0.33,0.0,0.0,,58.6
2026-05-28,BAEMIN_DELIVERY,서브웨이,39,31,0.6667,0.8065,0.1026,0.1613,20.97,57.21,No,No,1.08,0.28,0.0256,0.0,-100.0,44.3
2026-05-28,ALL,라멘,30,39,0.5667,0.5385,0.2333,0.1795,-4.98,-23.06,No,No,0.71,0.52,0.0,0.0,,56.5
2026-05-28,ALL,토스트,34,35,0.4706,0.4571,0.1471,0.1143,-2.87,-22.3,No,No,1.19,1.25,0.0,0.0,,50.7
2026-05-28,BAEMIN_DELIVERY,짜장면,33,36,0.5758,0.6111,0.2727,0.2222,6.13,-18.52,No,No,2.05,2.86,0.0,0.0,,52.2
2026-05-28,ALL,밀면,32,36,0.625,0.6111,0.1563,0.1944,-2.22,24.38,No,No,0.45,0.91,0.0,0.0,,52.9
2026-05-28,ALL,부대찌개,43,25,0.6279,0.64,0.2326,0.28,1.93,20.38,Insufficient Data,Insufficient Data,0.89,0.63,0.0,0.0,,36.8
2026-05-28,ALL,콩국수,38,29,0.5526,0.5517,0.0789,0.1724,-0.16,118.5,Insufficient Data,Insufficient Data,1.0,1.06,0.0,0.0,,43.3
2026-05-28,BAEMIN_DELIVERY,이삭토스트,24,43,0.5417,0.5349,0.125,0.0465,-1.26,-62.8,Insufficient Data,Insufficient Data,0.0,0.13,0.0,0.0,,64.2
2026-05-28,BAEMIN_DELIVERY,제육,32,35,0.5938,0.6,0.2813,0.1714,1.04,-39.07,No,No,2.84,4.57,0.0,0.0,,52.2
2026-05-28,BAEMIN_DELIVERY,파리바게트,40,27,0.8,0.8519,0.05,0.2222,6.49,344.4,Insufficient Data,Insufficient Data,1.84,1.83,0.0,0.0,,40.3
2026-05-28,BAEMIN_DELIVERY,밀면,28,38,0.6071,0.6842,0.2143,0.2368,12.7,10.5,Insufficient Data,Insufficient Data,1.29,2.42,0.0,0.0,,57.6
2026-05-28,BAEMIN_DELIVERY,버거킹,36,30,0.6667,0.8,0.1944,0.2667,19.99,37.19,No,No,0.13,0.29,0.0833,0.0,-100.0,45.5
2026-05-28,BAEMIN_DELIVERY,포케,30,36,0.7,0.5833,0.2,0.0833,-16.67,-58.35,No,No,1.52,1.81,0.0,0.0,,54.5
2026-05-28,ALL,컴포즈커피,33,32,0.6667,0.8438,0.2424,0.1875,26.56,-22.65,No,No,0.45,0.37,0.0,0.0,,49.2
2026-05-28,ALL,만두,33,31,0.4545,0.5806,0.0909,0.1935,27.74,112.87,No,No,1.2,1.17,0.0,0.0,,48.4
2026-05-28,ALL,베스킨라빈스,29,35,0.8621,0.7714,0.2069,0.1429,-10.52,-30.93,Insufficient Data,Insufficient Data,0.32,0.3,0.0,0.0,,54.7
2026-05-28,ALL,빵,33,31,0.5152,0.3871,0.0909,0.0,-24.86,-100.0,No,No,1.47,1.58,0.0,0.0,,48.4
2026-05-28,ALL,칼국수,44,20,0.1591,0.7,0.0455,0.1,339.97,119.78,Insufficient Data,Insufficient Data,0.57,1.21,0.0,0.0,,31.3
2026-05-28,ALL,커피,30,34,0.3667,0.5,0.1,0.1765,36.35,76.5,No,No,0.64,1.24,0.0,0.0,,53.1
2026-05-28,BAEMIN_DELIVERY,두찜,22,42,0.7727,0.6905,0.1818,0.2143,-10.64,17.88,Insufficient Data,Insufficient Data,0.29,0.38,0.0,0.0,,65.6
2026-05-28,BAEMIN_DELIVERY,김치찌개,31,32,0.6129,0.625,0.1935,0.25,1.97,29.2,No,No,1.95,5.3,0.0,0.0,,50.8
2026-05-28,BAEMIN_DELIVERY,비빔밥,38,25,0.6842,0.76,0.1842,0.12,11.08,-34.85,Insufficient Data,Insufficient Data,4.35,2.89,0.0,0.0,,39.7
2026-05-28,BAEMIN_DELIVERY,아이스크림,32,31,0.5938,0.7419,0.1563,0.129,24.94,-17.47,No,No,2.84,4.43,0.0,0.0,,49.2
2026-05-28,ALL,청년다방,29,33,0.7241,0.6667,0.1034,0.1212,-7.93,17.21,Insufficient Data,Insufficient Data,0.33,0.09,0.0,0.0,,53.2
2026-05-28,ALL,한솥도시락,34,28,0.7353,0.75,0.2059,0.1786,2.0,-13.26,Insufficient Data,Insufficient Data,0.48,0.67,0.0,0.0,,45.2
2026-05-28,ALL,스타벅스,23,38,0.7826,0.8158,0.1739,0.2895,4.24,66.47,Insufficient Data,Insufficient Data,0.39,0.32,0.0,0.0,,62.3
2026-05-28,BAEMIN_DELIVERY,콩국수,34,26,0.7059,0.7308,0.1765,0.2308,3.53,30.76,Insufficient Data,Insufficient Data,3.0,4.21,0.0,0.0,,43.3
2026-05-28,ALL,아구찜,31,28,0.5161,0.5714,0.0968,0.2143,10.71,121.38,Insufficient Data,Insufficient Data,1.13,0.38,0.0,0.0,,47.5
2026-05-28,BAEMIN_DELIVERY,버터떡,32,27,0.7813,0.9259,0.25,0.1852,18.51,-25.92,Insufficient Data,Insufficient Data,6.04,4.2,0.0,0.0,,45.8
2026-05-28,BAEMIN_DELIVERY,토스트,32,27,0.625,0.5185,0.25,0.0,-17.04,-100.0,Insufficient Data,Insufficient Data,9.4,4.43,0.0,0.0,,45.8
2026-05-28,ALL,버터떡,24,34,0.375,0.6471,0.0417,0.0588,72.56,41.01,Insufficient Data,Insufficient Data,1.0,1.09,0.0,0.0,,58.6
2026-05-28,BAEMIN_DELIVERY,꾸브라꼬숯불치킨,30,28,0.6333,0.6786,0.1,0.0357,7.15,-64.3,Insufficient Data,Insufficient Data,0.0,0.89,0.0,0.0,,48.3
2026-05-28,ALL,배스킨라빈스,25,32,0.72,0.7188,0.08,0.1563,-0.17,95.37,Insufficient Data,Insufficient Data,0.28,0.39,0.0,0.0,,56.1
2026-05-28,BAEMIN_DELIVERY,뼈해장국,32,25,0.6563,0.76,0.2188,0.28,15.8,27.97,Insufficient Data,Insufficient Data,1.33,2.16,0.0,0.0,,43.9
2026-05-28,BAEMIN_DELIVERY,칼국수,32,25,0.7188,0.64,0.0313,0.12,-10.96,283.39,Insufficient Data,Insufficient Data,4.26,5.56,0.0,0.0,,43.9
2026-05-28,ALL,푸라닭,26,30,0.6538,0.6333,0.1923,0.1667,-3.14,-13.31,Insufficient Data,Insufficient Data,0.82,0.32,0.0,0.0,,53.6
2026-05-28,BAEMIN_DELIVERY,다이어트,25,31,0.76,0.6774,0.04,0.0968,-10.87,142.0,Insufficient Data,Insufficient Data,7.42,4.62,0.0,0.0,,55.4
2026-05-28,ALL,덮밥,33,22,0.5455,0.5,0.0909,0.1818,-8.34,100.0,Insufficient Data,Insufficient Data,0.72,1.45,0.0,0.0,,40.0
2026-05-28,ALL,보쌈,35,20,0.5143,0.55,0.1429,0.25,6.94,74.95,Insufficient Data,Insufficient Data,1.28,0.64,0.0,0.0,,36.4
2026-05-28,ALL,비빔밥,27,27,0.6296,0.5556,0.1111,0.0741,-11.75,-33.3,Insufficient Data,Insufficient Data,0.47,1.27,0.0,0.0,,50.0
2026-05-28,BAEMIN_DELIVERY,bhc,28,26,0.8571,0.6538,0.3214,0.1154,-23.72,-64.09,Insufficient Data,Insufficient Data,0.88,0.94,0.0,0.0,,48.1
2026-05-28,BAEMIN_DELIVERY,명랑핫도그,23,31,0.7826,0.6129,0.2174,0.0968,-21.68,-55.47,Insufficient Data,Insufficient Data,0.0,0.11,0.0,0.0,,57.4
2026-05-28,BAEMIN_DELIVERY,부대찌개,29,25,0.6552,0.76,0.2069,0.28,16.0,35.33,Insufficient Data,Insufficient Data,3.84,1.84,0.0,0.0,,46.3
2026-05-28,ALL,네네치킨,32,21,0.6875,0.7619,0.125,0.1905,10.82,52.4,Insufficient Data,Insufficient Data,0.41,0.25,0.0,0.0,,39.6
2026-05-28,ALL,본도시락,22,31,0.6818,0.4516,0.0909,0.129,-33.76,41.91,Insufficient Data,Insufficient Data,0.27,0.36,0.0,0.0,,58.5
2026-05-28,BAEMIN_DELIVERY,아구찜,25,28,0.8,0.7143,0.08,0.2143,-10.71,167.87,Insufficient Data,Insufficient Data,1.95,1.35,0.0,0.0,,52.8
2026-05-28,ALL,삼겹살,29,23,0.6207,0.3478,0.1034,0.1739,-43.97,68.18,Insufficient Data,Insufficient Data,1.5,0.88,0.0,0.0,,44.2
2026-05-28,BAEMIN_DELIVERY,보쌈,24,28,0.5417,0.6429,0.1667,0.2143,18.68,28.55,Insufficient Data,Insufficient Data,3.69,1.78,0.0,0.0,,53.8
2026-05-28,BAEMIN_DELIVERY,소림마라,27,25,0.6296,0.68,0.0741,0.12,8.01,61.94,Insufficient Data,Insufficient Data,0.12,0.35,0.0,0.0,,48.1
2026-05-28,ALL,다이어트,23,28,0.3913,0.2857,0.0435,0.0,-26.99,-100.0,Insufficient Data,Insufficient Data,1.22,1.0,0.0,0.0,,54.9
2026-05-28,ALL,던킨,32,19,0.8438,0.7368,0.0625,0.0526,-12.68,-15.84,Insufficient Data,Insufficient Data,0.11,0.21,0.0,0.0,,37.3
2026-05-28,ALL,투썸,27,24,0.8519,0.6667,0.037,0.0417,-21.74,12.7,Insufficient Data,Insufficient Data,0.13,0.13,0.0,0.0,,47.1
2026-05-28,BAEMIN_DELIVERY,라멘,23,28,0.6522,0.6429,0.2609,0.1429,-1.43,-45.23,Insufficient Data,Insufficient Data,2.67,2.72,0.0,0.0,,54.9
2026-05-28,ALL,호식이두마리치킨,34,16,0.2647,0.75,0.0294,0.1875,183.34,537.76,Insufficient Data,Insufficient Data,1.0,0.75,0.0,0.0,,32.0
2026-05-28,BAEMIN_DELIVERY,육회비빔밥,16,34,0.8125,0.6765,0.3125,0.2353,-16.74,-24.7,Insufficient Data,Insufficient Data,1.54,2.04,0.0,0.0,,68.0
2026-05-28,BAEMIN_DELIVERY,삼겹살,26,23,0.7308,0.7391,0.3077,0.2174,1.14,-29.35,Insufficient Data,Insufficient Data,5.26,4.94,0.0,0.0,,46.9
2026-05-28,ALL,굽네,28,20,0.5,0.85,0.1786,0.25,70.0,39.98,Insufficient Data,Insufficient Data,0.57,0.24,0.0,0.0,,41.7
2026-05-28,BAEMIN_DELIVERY,갈비찜,30,18,0.8667,0.8889,0.0333,0.3889,2.56,1067.87,Insufficient Data,Insufficient Data,0.19,4.0,0.0,0.0,,37.5
2026-05-28,BAEMIN_DELIVERY,굽네치킨,26,22,0.8846,0.7727,0.2308,0.3636,-12.65,57.54,Insufficient Data,Insufficient Data,0.57,0.82,0.0,0.0,,45.8
2026-05-28,BAEMIN_DELIVERY,덮밥,33,15,0.6061,0.8,0.0909,0.2,31.99,120.02,Insufficient Data,Insufficient Data,4.65,7.92,0.0,0.0,,31.3
2026-05-28,ALL,60계치킨,22,25,0.5909,0.84,0.0909,0.12,42.16,32.01,Insufficient Data,Insufficient Data,0.31,0.33,0.0,0.0,,53.2
2026-05-28,ALL,청국장,40,7,0.125,0.5714,0.0,0.2857,357.12,,Insufficient Data,Insufficient Data,0.4,0.0,0.0,0.0,,14.9
2026-05-28,BAEMIN_DELIVERY,타코,23,24,0.4348,0.75,0.1304,0.2083,72.49,59.74,Insufficient Data,Insufficient Data,3.9,1.94,0.0,0.0,,51.1
2026-05-28,BAEMIN_DELIVERY,피자스쿨,27,20,0.5926,0.75,0.1481,0.15,26.56,1.28,Insufficient Data,Insufficient Data,0.5,0.47,0.0,0.0,,42.6
2026-05-28,ALL,갈비찜,34,12,0.2941,0.25,0.1176,0.0833,-14.99,-29.17,Insufficient Data,Insufficient Data,0.4,0.0,0.0,0.0,,26.1
2026-05-28,ALL,페리카나,26,20,0.6154,0.7,0.1538,0.25,13.75,62.55,Insufficient Data,Insufficient Data,0.5,0.57,0.0,0.0,,43.5
2026-05-28,BAEMIN_DELIVERY,빵,19,27,0.6316,0.7407,0.1053,0.037,17.27,-64.86,Insufficient Data,Insufficient Data,15.33,7.7,0.0,0.0,,58.7
2026-05-28,BAEMIN_DELIVERY,카레,24,22,0.7917,0.7273,0.1667,0.1364,-8.13,-18.18,Insufficient Data,Insufficient Data,5.32,9.69,0.0,0.0,,47.8
2026-05-28,BAEMIN_DELIVERY,컴포즈,23,23,0.8261,0.6087,0.3043,0.2174,-26.32,-28.56,Insufficient Data,Insufficient Data,1.05,0.93,0.0,0.0,,50.0
2026-05-28,ALL,연어,16,29,0.6875,0.5517,0.375,0.1724,-19.75,-54.03,Insufficient Data,Insufficient Data,1.09,1.5,0.0,0.0,,64.4
2026-05-28,ALL,육회바른연어,20,25,0.85,0.68,0.3,0.2,-20.0,-33.33,Insufficient Data,Insufficient Data,0.53,0.29,0.0,0.0,,55.6
2026-05-28,ALL,카레,26,19,0.6923,0.3684,0.1538,0.1579,-46.79,2.67,Insufficient Data,Insufficient Data,0.89,0.57,0.0,0.0,,42.2
2026-05-28,ALL,탕수육,18,27,0.3333,0.5185,0.1667,0.037,55.57,-77.8,Insufficient Data,Insufficient Data,2.33,1.5,0.0,0.0,,60.0
2026-05-28,ALL,곱도리탕,15,29,0.5333,0.5862,0.3333,0.1034,9.92,-68.98,Insufficient Data,Insufficient Data,0.5,0.18,0.0,0.0,,65.9
2026-05-28,ALL,동대문엽기떡볶이,18,26,0.6667,0.7692,0.1111,0.1538,15.37,38.43,Insufficient Data,Insufficient Data,0.08,0.35,0.0,0.0,,59.1
2026-05-28,ALL,봉구스밥버거,15,29,0.6667,0.5172,0.2,0.1724,-22.42,-13.8,Insufficient Data,Insufficient Data,0.5,0.0,0.0,0.0,,65.9
2026-05-28,ALL,뼈해장국,25,19,0.48,0.3158,0.12,0.2105,-34.21,75.42,Insufficient Data,Insufficient Data,1.5,1.33,0.0,0.0,,43.2
2026-05-28,BAEMIN_DELIVERY,뚜레쥬르,16,28,0.75,0.8571,0.0625,0.1429,14.28,128.64,Insufficient Data,Insufficient Data,0.25,0.92,0.0,0.0,,63.6
2026-05-28,BAEMIN_DELIVERY,카페인중독,24,20,0.7083,0.75,0.125,0.1,5.89,-20.0,Insufficient Data,Insufficient Data,0.53,0.13,0.0,0.0,,45.5
2026-05-28,BAEMIN_DELIVERY,탕수육,19,25,0.6842,0.64,0.0526,0.16,-6.46,204.18,Insufficient Data,Insufficient Data,4.0,8.56,0.0,0.0,,56.8
2026-05-28,ALL,반찬가게,16,27,0.6875,0.7407,0.125,0.2222,7.74,77.76,Insufficient Data,Insufficient Data,1.18,1.3,0.0,0.0,,62.8
2026-05-28,ALL,신전,26,17,0.8846,0.5882,0.1154,0.1765,-33.51,52.95,Insufficient Data,Insufficient Data,0.39,0.5,0.0,0.0,,39.5
2026-05-28,ALL,육회비빔밥,18,25,0.5556,0.52,0.1667,0.12,-6.41,-28.01,Insufficient Data,Insufficient Data,0.7,1.0,0.0,0.0,,58.1
2026-05-28,ALL,짜장면,20,23,0.3,0.3043,0.1,0.1304,1.43,30.4,Insufficient Data,Insufficient Data,1.33,0.14,0.0,0.0,,53.5
2026-05-28,BAEMIN_DELIVERY,물회,24,19,0.7083,0.7895,0.125,0.3684,11.46,194.72,Insufficient Data,Insufficient Data,3.53,3.47,0.0,0.0,,44.2
2026-05-28,BAEMIN_DELIVERY,삼계탕,28,15,0.6429,0.8,0.1786,0.2667,24.44,49.33,Insufficient Data,Insufficient Data,4.11,3.08,0.0,0.0,,34.9
2026-05-28,ALL,물회,23,19,0.6522,0.6842,0.3043,0.0,4.91,-100.0,Insufficient Data,Insufficient Data,0.73,1.0,0.0,0.0,,45.2
2026-05-28,ALL,수박,20,22,0.3,0.5455,0.05,0.0909,81.83,81.8,Insufficient Data,Insufficient Data,1.0,1.5,0.0,0.0,,52.4
2026-05-28,ALL,청년피자,23,19,0.4783,0.4737,0.087,0.0526,-0.96,-39.54,Insufficient Data,Insufficient Data,0.0,1.11,0.0,0.0,,45.2
2026-05-28,ALL,타코,21,21,0.4286,0.381,0.0476,0.0,-11.11,-100.0,Insufficient Data,Insufficient Data,1.11,0.87,0.0,0.0,,50.0
2026-05-28,BAEMIN_DELIVERY,굽네,29,13,0.7931,0.9231,0.3448,0.5385,16.39,56.18,Insufficient Data,Insufficient Data,0.78,0.67,0.0,0.0,,31.0
2026-05-28,BAEMIN_DELIVERY,도시락,15,27,0.5333,0.7407,0.0,0.0741,38.89,,Insufficient Data,Insufficient Data,2.5,2.7,0.0,0.0,,64.3
2026-05-28,BAEMIN_DELIVERY,마라샹궈,20,22,0.75,0.6818,0.35,0.2727,-9.09,-22.09,Insufficient Data,Insufficient Data,1.87,1.87,0.0,0.0,,52.4
2026-05-28,BAEMIN_DELIVERY,본죽,17,25,0.6471,0.8,0.4118,0.08,23.63,-80.57,Insufficient Data,Insufficient Data,0.64,0.9,0.0,0.0,,59.5
2026-05-28,BAEMIN_DELIVERY,제육볶음,22,20,0.7273,0.65,0.1818,0.2,-10.63,10.01,Insufficient Data,Insufficient Data,4.13,5.92,0.0,0.0,,47.6
2026-05-28,ALL,제육,14,27,0.5,0.3704,0.2857,0.1481,-25.92,-48.16,Insufficient Data,Insufficient Data,0.71,1.1,0.0,0.0,,65.9
2026-05-28,BAEMIN_DELIVERY,만두,19,22,0.7368,0.7273,0.2105,0.2727,-1.29,29.55,Insufficient Data,Insufficient Data,5.14,4.81,0.0,0.0,,53.7
2026-05-28,BAEMIN_DELIVERY,설빙,24,17,0.6667,0.8824,0.0833,0.1765,32.35,111.88,Insufficient Data,Insufficient Data,0.25,0.53,0.0,0.0,,41.5
2026-05-28,BAEMIN_DELIVERY,소금빵,24,17,0.7083,0.5882,0.125,0.1765,-16.96,41.2,Insufficient Data,Insufficient Data,5.71,3.3,0.0,0.0,,41.5
2026-05-28,BAEMIN_DELIVERY,푸라닭,13,28,0.7692,0.6786,0.1538,0.1071,-11.78,-30.36,Insufficient Data,Insufficient Data,0.0,0.21,0.0,0.0,,68.3
2026-05-28,ALL,곱창,22,18,0.6364,0.4444,0.2273,0.0,-30.17,-100.0,Insufficient Data,Insufficient Data,1.07,0.38,0.0,0.0,,45.0
2026-05-28,ALL,김치찌개,20,20,0.3,0.4,0.05,0.1,33.33,100.0,Insufficient Data,Insufficient Data,1.17,0.5,0.0,0.0,,50.0
2026-05-28,ALL,돼지게티,16,24,0.625,0.6667,0.0,0.125,6.67,,Insufficient Data,Insufficient Data,0.0,0.38,0.0,0.0,,60.0
2026-05-28,ALL,뿌링클,23,17,0.8261,0.7059,0.1739,0.3529,-14.55,102.93,Insufficient Data,Insufficient Data,0.21,0.58,0.0,0.0,,42.5
2026-05-28,BAEMIN_DELIVERY,막창,23,17,0.6957,0.8235,0.1304,0.2941,18.37,125.54,Insufficient Data,Insufficient Data,3.0,2.0,0.0,0.0,,42.5
2026-05-28,ALL,감자탕,20,19,0.65,0.6316,0.1,0.1579,-2.83,57.9,Insufficient Data,Insufficient Data,1.23,1.17,0.0,0.0,,48.7
2026-05-28,ALL,메가,24,15,0.7917,1.0,0.0,0.4,26.31,,Insufficient Data,Insufficient Data,1.0,1.0,0.0,0.0,,38.5
2026-05-28,BAEMIN_DELIVERY,두쫀쿠,11,28,0.7273,0.6786,0.0909,0.1786,-6.7,96.48,Insufficient Data,Insufficient Data,1.75,3.79,0.0,0.0,,71.8
2026-05-28,BAEMIN_DELIVERY,신전떡볶이,16,23,0.8125,0.8261,0.1875,0.2609,1.67,39.15,Insufficient Data,Insufficient Data,0.31,0.21,0.0,0.0,,59.0
2026-05-28,BAEMIN_DELIVERY,지코바,24,15,0.7917,0.8667,0.0833,0.4,9.47,380.19,Insufficient Data,Insufficient Data,0.16,0.31,0.0,0.0,,38.5
2026-05-28,BAEMIN_DELIVERY,커피,19,20,0.6842,0.55,0.3158,0.25,-19.61,-20.84,Insufficient Data,Insufficient Data,6.46,8.82,0.0,0.0,,51.3
2026-05-28,ALL,김치볶음밥,15,23,0.6,0.7826,0.1333,0.2174,30.43,63.09,Insufficient Data,Insufficient Data,1.44,1.11,0.0,0.0,,60.5
2026-05-28,ALL,두쫀쿠,8,30,0.625,0.2667,0.125,0.0333,-57.33,-73.36,Insufficient Data,Insufficient Data,0.2,1.0,0.0,0.0,,78.9
2026-05-28,ALL,베라,13,25,1.0,0.84,0.2308,0.32,-16.0,38.65,Insufficient Data,Insufficient Data,0.46,0.1,0.0,0.0,,65.8
2026-05-28,ALL,샐러디,22,16,0.8636,0.8125,0.2273,0.125,-5.92,-45.01,Insufficient Data,Insufficient Data,0.42,0.15,0.0,0.0,,42.1
2026-05-28,BAEMIN_DELIVERY,공차,13,25,0.6923,0.76,0.2308,0.16,9.78,-30.68,Insufficient Data,Insufficient Data,0.22,0.21,0.0,0.0,,65.8
2026-05-28,ALL,그릭요거트,23,14,0.2174,0.5714,0.0,0.0714,162.83,,Insufficient Data,Insufficient Data,0.6,0.75,0.0,0.0,,37.8
2026-05-28,BAEMIN_DELIVERY,볶음밥,16,21,0.5625,0.4762,0.0625,0.1905,-15.34,204.8,Insufficient Data,Insufficient Data,3.33,3.4,0.0,0.0,,56.8
2026-05-28,BAEMIN_DELIVERY,요거트월드,15,22,0.5333,0.5455,0.0,0.0455,2.29,,Insufficient Data,Insufficient Data,0.0,0.17,0.0,0.0,,59.5
2026-05-28,ALL,갈비탕,19,17,0.4737,0.6471,0.2105,0.1765,36.61,-16.15,Insufficient Data,Insufficient Data,0.78,1.18,0.0,0.0,,47.2
2026-05-28,ALL,꼬마김밥,17,19,0.5294,0.7895,0.1765,0.3158,49.13,78.92,Insufficient Data,Insufficient Data,0.78,1.07,0.0,0.0,,52.8
2026-05-28,ALL,밥풀릭스,17,19,0.7059,0.7368,0.0,0.3684,4.38,,Insufficient Data,Insufficient Data,0.08,0.0,0.0,0.0,,52.8
2026-05-28,ALL,소금빵,23,13,0.3913,0.6154,0.0435,0.2308,57.27,430.57,Insufficient Data,Insufficient Data,1.0,1.75,0.0,0.0,,36.1
2026-05-28,ALL,크리스피크림도넛,15,21,0.7333,0.7619,0.2,0.4286,3.9,114.3,Insufficient Data,Insufficient Data,0.0,0.69,0.0,0.0,,58.3
2026-05-28,BAEMIN_DELIVERY,BHC,20,16,0.85,0.75,0.35,0.3125,-11.76,-10.71,Insufficient Data,Insufficient Data,1.12,0.33,0.0,0.0,,44.4
2026-05-28,BAEMIN_DELIVERY,감자탕,23,13,0.5652,0.7692,0.2174,0.1538,36.09,-29.25,Insufficient Data,Insufficient Data,2.15,1.5,0.0,0.0,,36.1
2026-05-28,BAEMIN_DELIVERY,곱창,20,16,0.5,0.8125,0.1,0.1875,62.5,87.5,Insufficient Data,Insufficient Data,3.2,2.85,0.0,0.0,,44.4
2026-05-28,BAEMIN_DELIVERY,수박,20,16,0.55,0.625,0.1,0.125,13.64,25.0,Insufficient Data,Insufficient Data,5.73,7.4,0.0,0.0,,44.4
2026-05-28,BAEMIN_DELIVERY,스타벅스,19,17,0.5789,0.8235,0.0526,0.2353,42.25,347.34,Insufficient Data,Insufficient Data,0.64,0.29,0.0,0.0,,47.2
2026-05-28,ALL,기영이숯불두마리치킨,18,17,0.9444,0.7059,0.2778,0.2941,-25.25,5.87,Insufficient Data,Insufficient Data,0.12,0.33,0.0,0.0,,48.6
2026-05-28,ALL,디저트39,23,12,0.913,0.8333,0.087,0.3333,-8.73,283.1,Insufficient Data,Insufficient Data,0.19,0.2,0.0,0.0,,34.3
2026-05-28,ALL,비비큐,14,21,0.7143,0.7619,0.2857,0.2381,6.66,-16.66,Insufficient Data,Insufficient Data,0.9,1.13,0.0,0.0,,60.0
2026-05-28,ALL,왓더버거,22,13,0.7273,0.8462,0.2273,0.1538,16.35,-32.34,Insufficient Data,Insufficient Data,0.13,0.27,0.0,0.0,,37.1
2026-05-28,ALL,이삭,18,17,0.7778,0.6471,0.1667,0.1176,-16.8,-29.45,Insufficient Data,Insufficient Data,0.07,0.45,0.0,0.0,,48.6
2026-05-28,ALL,쭈꾸미,19,16,0.6842,0.5,0.2632,0.375,-26.92,42.48,Insufficient Data,Insufficient Data,1.08,1.38,0.0,0.0,,45.7
2026-05-28,ALL,프랭크버거,8,27,0.75,0.7037,0.0,0.3333,-6.17,,Insufficient Data,Insufficient Data,0.67,0.74,0.0,0.0,,77.1
2026-05-28,BAEMIN_DELIVERY,곱도리탕,20,15,0.75,0.8,0.35,0.4,6.67,14.29,Insufficient Data,Insufficient Data,1.4,1.08,0.0,0.0,,42.9
2026-05-28,BAEMIN_DELIVERY,국수,22,13,0.5909,0.7692,0.1818,0.2308,30.17,26.95,Insufficient Data,Insufficient Data,4.0,2.7,0.0,0.0,,37.1
2026-05-28,BAEMIN_DELIVERY,본도시락,20,15,0.6,0.8667,0.05,0.1333,44.45,166.6,Insufficient Data,Insufficient Data,0.17,1.08,0.0,0.0,,42.9
2026-05-28,BAEMIN_DELIVERY,엽떡,14,21,0.7857,0.619,0.2857,0.1905,-21.22,-33.32,Insufficient Data,Insufficient Data,0.0,0.23,0.0,0.0,,60.0
2026-05-28,BAEMIN_DELIVERY,투썸플레이스,14,21,0.6429,0.6667,0.0714,0.1905,3.7,166.81,Insufficient Data,Insufficient Data,1.33,0.79,0.0,0.0,,60.0
2026-05-28,ALL,bbq,19,15,0.8421,0.4667,0.1579,0.2667,-44.58,68.9,Insufficient Data,Insufficient Data,0.56,1.43,0.0,0.0,,44.1
2026-05-28,ALL,순대,17,17,0.4118,0.4118,0.0588,0.1765,0.0,200.17,Insufficient Data,Insufficient Data,0.43,0.71,0.0,0.0,,50.0
2026-05-28,ALL,엽떡떡볶이,14,20,0.9286,0.6,0.2857,0.2,-35.39,-30.0,Insufficient Data,Insufficient Data,0.38,0.42,0.0,0.0,,58.8
2026-05-28,ALL,텐퍼센트,22,12,0.7727,1.0,0.1364,0.1667,29.42,22.21,Insufficient Data,Insufficient Data,0.59,1.0,0.0,0.0,,35.3
2026-05-28,ALL,피제이피자,19,15,0.3158,0.3333,0.0,0.0,5.54,,Insufficient Data,Insufficient Data,0.0,0.0,0.0,0.0,,44.1
2026-05-28,ALL,화채,14,20,0.7143,0.55,0.2857,0.2,-23.0,-30.0,Insufficient Data,Insufficient Data,0.5,1.0,0.0,0.0,,58.8
2026-05-28,BAEMIN_DELIVERY,갈비탕,22,12,0.6818,0.5833,0.2273,0.3333,-14.45,46.63,Insufficient Data,Insufficient Data,2.13,3.86,0.0,0.0,,35.3
2026-05-28,BAEMIN_DELIVERY,산도,14,20,0.7143,0.45,0.0714,0.0,-37.0,-100.0,Insufficient Data,Insufficient Data,1.9,1.11,0.0,0.0,,58.8
2026-05-28,BAEMIN_DELIVERY,연어,7,27,0.7143,0.6296,0.2857,0.1852,-11.86,-35.18,Insufficient Data,Insufficient Data,2.4,5.59,0.0,0.0,,79.4
2026-05-28,ALL,보배반점,22,11,0.8182,0.8182,0.3182,0.0909,0.0,-71.43,Insufficient Data,Insufficient Data,0.33,0.22,0.0,0.0,,33.3
2026-05-28,ALL,우지커피,17,16,0.6471,0.75,0.1765,0.1875,15.9,6.23,Insufficient Data,Insufficient Data,0.36,0.58,0.0,0.0,,48.5
2026-05-28,ALL,자담치킨,16,17,0.5625,0.9412,0.125,0.0588,67.32,-52.96,Insufficient Data,Insufficient Data,0.67,0.19,0.0,0.0,,51.5
2026-05-28,ALL,제육볶음,17,16,0.6471,0.375,0.1176,0.125,-42.05,6.29,Insufficient Data,Insufficient Data,0.45,0.67,0.0,0.0,,48.5
2026-05-28,ALL,핫도그,18,15,0.3889,0.6667,0.0556,0.2,71.43,259.71,Insufficient Data,Insufficient Data,1.57,0.8,0.0,0.0,,45.5
2026-05-28,BAEMIN_DELIVERY,60계치킨,18,15,0.7222,0.7333,0.1111,0.0667,1.54,-39.96,Insufficient Data,Insufficient Data,0.38,0.73,0.0,0.0,,45.5
2026-05-28,BAEMIN_DELIVERY,네네치킨,19,14,0.7368,0.7143,0.2105,0.0714,-3.05,-66.08,Insufficient Data,Insufficient Data,0.64,0.1,0.0,0.0,,42.4
2026-05-28,ALL,쫄면,18,14,0.5,0.4286,0.1667,0.2143,-14.28,28.55,Insufficient Data,Insufficient Data,1.22,1.33,0.0,0.0,,43.8
2026-05-28,BAEMIN_DELIVERY,빽다방,19,13,0.8421,0.7692,0.2632,0.0769,-8.66,-70.78,Insufficient Data,Insufficient Data,0.63,1.3,0.0,0.0,,40.6
2026-05-28,BAEMIN_DELIVERY,한솥,21,11,0.7619,0.6364,0.0952,0.0909,-16.47,-4.52,Insufficient Data,Insufficient Data,0.31,0.57,0.0,0.0,,34.4
2026-05-28,ALL,던킨도너츠,17,14,0.7647,1.0,0.0588,0.0,30.77,-100.0,Insufficient Data,Insufficient Data,0.31,0.21,0.0,0.0,,45.2
2026-05-28,ALL,마왕족발,20,11,0.95,0.2727,0.1,0.0,-71.29,-100.0,Insufficient Data,Insufficient Data,0.16,0.0,0.0,0.0,,35.5
2026-05-28,ALL,배떡,10,21,0.8,0.619,0.2,0.0952,-22.63,-52.4,Insufficient Data,Insufficient Data,0.25,0.31,0.0,0.0,,67.7
2026-05-28,ALL,순두부,23,8,0.2174,0.25,0.0435,0.0,15.0,-100.0,Insufficient Data,Insufficient Data,0.8,1.0,0.0,0.0,,25.8
2026-05-28,ALL,요거트월드,13,18,0.6154,0.6667,0.0769,0.0556,8.34,-27.7,Insufficient Data,Insufficient Data,0.38,0.42,0.0,0.0,,58.1
2026-05-28,ALL,키토김밥,14,17,0.7143,0.5294,0.1429,0.1765,-25.89,23.51,Insufficient Data,Insufficient Data,0.7,1.78,0.0,0.0,,54.8
2026-05-28,ALL,팥빙수,18,13,0.7222,0.2308,0.1111,0.0769,-68.04,-30.78,Insufficient Data,Insufficient Data,0.62,0.67,0.0,0.0,,41.9
2026-05-28,BAEMIN_DELIVERY,bbq,17,14,0.7059,0.5,0.1765,0.2143,-29.17,21.42,Insufficient Data,Insufficient Data,1.75,1.29,0.0,0.0,,45.2
2026-05-28,BAEMIN_DELIVERY,그릭요거트,13,18,0.7692,0.6111,0.0769,0.1667,-20.55,116.78,Insufficient Data,Insufficient Data,3.8,3.36,0.0,0.0,,58.1
2026-05-28,BAEMIN_DELIVERY,냉모밀,18,13,0.6111,0.6154,0.2222,0.4615,0.7,107.7,Insufficient Data,Insufficient Data,0.73,8.13,0.0556,0.0,-100.0,41.9
2026-05-28,BAEMIN_DELIVERY,도넛,11,20,0.4545,0.55,0.0909,0.0,21.01,-100.0,Insufficient Data,Insufficient Data,2.0,2.0,0.0,0.0,,64.5
2026-05-28,BAEMIN_DELIVERY,처갓집,16,15,0.8125,0.8667,0.1875,0.2667,6.67,42.24,Insufficient Data,Insufficient Data,0.85,0.85,0.0,0.0,,48.4
2026-05-28,ALL,Bhc,16,14,0.8125,0.7857,0.1875,0.2143,-3.3,14.29,Insufficient Data,Insufficient Data,0.62,0.55,0.0,0.0,,46.7
2026-05-28,ALL,도미노피자,15,15,0.8,0.8667,0.0667,0.0667,8.34,0.0,Insufficient Data,Insufficient Data,0.08,0.0,0.0,0.0,,50.0
2026-05-28,ALL,막창,21,9,0.5714,0.4444,0.0952,0.1111,-22.23,16.7,Insufficient Data,Insufficient Data,1.42,1.5,0.0,0.0,,30.0
2026-05-28,ALL,삼계탕,17,13,0.5882,0.6154,0.1765,0.1538,4.62,-12.86,Insufficient Data,Insufficient Data,1.4,0.75,0.0,0.0,,43.3
2026-05-28,ALL,와플대학,20,10,0.7,0.7,0.05,0.3,0.0,500.0,Insufficient Data,Insufficient Data,0.29,0.0,0.0,0.0,,33.3
2026-05-28,ALL,파파존스,7,23,0.5714,0.7391,0.1429,0.0,29.35,-100.0,Insufficient Data,Insufficient Data,0.0,0.29,0.0,0.0,,76.7
2026-05-28,BAEMIN_DELIVERY,파리바게뜨,14,16,0.7857,0.75,0.0714,0.125,-4.54,75.07,Insufficient Data,Insufficient Data,2.64,1.33,0.0,0.0,,53.3
2026-05-28,ALL,국수,17,12,0.5294,0.3333,0.1765,0.0,-37.04,-100.0,Insufficient Data,Insufficient Data,1.33,0.75,0.0,0.0,,41.4
2026-05-28,ALL,꽈배기,17,12,0.5882,0.3333,0.2941,0.1667,-43.34,-43.32,Insufficient Data,Insufficient Data,0.6,1.0,0.0,0.0,,41.4
2026-05-28,ALL,오토김밥,11,18,0.8182,0.4444,0.3636,0.1667,-45.69,-54.15,Insufficient Data,Insufficient Data,0.22,0.0,0.0,0.0,,62.1
2026-05-28,BAEMIN_DELIVERY,버거,17,12,0.6471,0.6667,0.1176,0.3333,3.03,183.42,Insufficient Data,Insufficient Data,4.55,5.0,0.0,0.0,,41.4
2026-05-28,BAEMIN_DELIVERY,순대,13,16,0.6154,0.9375,0.0769,0.125,52.34,62.55,Insufficient Data,Insufficient Data,5.38,3.47,0.0,0.0,,55.2
2026-05-28,BAEMIN_DELIVERY,청년다방,14,15,0.8571,0.6667,0.2857,0.0667,-22.21,-76.65,Insufficient Data,Insufficient Data,0.25,0.2,0.0,0.0,,51.7
2026-05-28,BAEMIN_DELIVERY,팥빙수,16,13,0.75,0.8462,0.125,0.0769,12.83,-38.48,Insufficient Data,Insufficient Data,1.75,11.55,0.0,0.0,,44.8
2026-05-28,BAEMIN_DELIVERY,화채,13,16,0.8462,0.6875,0.0769,0.25,-18.75,225.1,Insufficient Data,Insufficient Data,3.18,1.18,0.0,0.0,,55.2
2026-05-28,ALL,계근상,14,14,0.7143,0.5,0.1429,0.0714,-30.0,-50.03,Insufficient Data,Insufficient Data,0.2,0.14,0.0,0.0,,50.0
2026-05-28,ALL,도넛,10,18,0.5,0.7222,0.3,0.1667,44.44,-44.43,Insufficient Data,Insufficient Data,1.2,1.15,0.0,0.0,,64.3
2026-05-28,ALL,멕시카나,12,16,0.75,0.625,0.0833,0.1875,-16.67,125.09,Insufficient Data,Insufficient Data,1.0,0.5,0.0,0.0,,57.1
2026-05-28,ALL,역전할머니맥주,8,20,0.75,0.55,0.0,0.15,-26.67,,Insufficient Data,Insufficient Data,0.33,0.36,0.0,0.0,,71.4
2026-05-28,ALL,요거트아이스크림,14,14,0.5714,0.5714,0.0,0.1429,0.0,,Insufficient Data,Insufficient Data,1.38,1.13,0.0,0.0,,50.0
2026-05-28,BAEMIN_DELIVERY,반찬가게,16,12,0.6875,1.0,0.1875,0.3333,45.45,77.76,Insufficient Data,Insufficient Data,4.0,1.17,0.0,0.0,,42.9
2026-05-28,BAEMIN_DELIVERY,순대국밥,19,9,0.5789,0.7778,0.5263,0.3333,34.36,-36.67,Insufficient Data,Insufficient Data,1.45,1.29,0.0,0.0,,32.1
2026-05-28,BAEMIN_DELIVERY,옛날통닭,14,14,0.7143,0.5714,0.0714,0.2143,-20.01,200.14,Insufficient Data,Insufficient Data,1.0,1.25,0.0,0.0,,50.0
2026-05-28,BAEMIN_DELIVERY,우동,13,15,0.9231,0.8667,0.1538,0.4,-6.11,160.08,Insufficient Data,Insufficient Data,4.83,7.92,0.0,0.0,,53.6
2026-05-28,BAEMIN_DELIVERY,쫄면,14,14,0.7143,0.7143,0.0714,0.3571,0.0,400.14,Insufficient Data,Insufficient Data,8.2,4.9,0.0,0.0,,50.0
2026-05-28,BAEMIN_DELIVERY,핫도그,19,9,0.4737,0.7778,0.0,0.1111,64.2,,Insufficient Data,Insufficient Data,5.78,6.29,0.0,0.0,,32.1
2026-05-28,ALL,떡,9,18,0.3333,0.6667,0.1111,0.1111,100.03,0.0,Insufficient Data,Insufficient Data,2.0,1.25,0.0,0.0,,66.7
2026-05-28,ALL,볶음밥,14,13,0.3571,0.4615,0.0714,0.0769,29.24,7.7,Insufficient Data,Insufficient Data,1.2,1.5,0.0,0.0,,48.1
2026-05-28,ALL,우동,11,16,0.4545,0.3125,0.1818,0.125,-31.24,-31.24,Insufficient Data,Insufficient Data,0.6,1.4,0.0,0.0,,59.3
2026-05-28,BAEMIN_DELIVERY,김치볶음밥,11,16,0.7273,0.9375,0.4545,0.3125,28.9,-31.24,Insufficient Data,Insufficient Data,2.75,3.67,0.0,0.0,,59.3
2026-05-28,BAEMIN_DELIVERY,꽈배기,17,10,0.4706,0.5,0.0,0.3,6.25,,Insufficient Data,Insufficient Data,1.62,5.0,0.0,0.0,,37.0
2026-05-28,BAEMIN_DELIVERY,써브웨이,10,17,0.7,0.7059,0.1,0.1176,0.84,17.6,Insufficient Data,Insufficient Data,0.14,0.5,0.0,0.0,,63.0
2026-05-28,ALL,가마치통닭,18,8,0.6667,0.875,0.1667,0.375,31.24,124.96,Insufficient Data,Insufficient Data,0.5,0.0,0.0,0.0,,30.8
2026-05-28,ALL,간장게장,6,20,0.6667,0.35,0.0,0.0,-47.5,,Insufficient Data,Insufficient Data,0.5,0.57,0.0,0.0,,76.9
2026-05-28,ALL,돈가스,14,12,0.6429,0.4167,0.2143,0.1667,-35.18,-22.21,Insufficient Data,Insufficient Data,1.33,0.6,0.0,0.0,,46.2
2026-05-28,ALL,버거,14,12,0.2143,0.5833,0.0714,0.3333,172.19,366.81,Insufficient Data,Insufficient Data,0.67,1.14,0.0,0.0,,46.2
2026-05-28,ALL,산도,13,13,0.6923,0.7692,0.0769,0.0769,11.11,0.0,Insufficient Data,Insufficient Data,1.0,1.4,0.0,0.0,,50.0
2026-05-28,ALL,설렁탕,14,12,0.6429,0.6667,0.2143,0.3333,3.7,55.53,Insufficient Data,Insufficient Data,1.22,0.75,0.0,0.0,,46.2
2026-05-28,BAEMIN_DELIVERY,kfc,17,9,0.9412,0.8889,0.2941,0.1111,-5.56,-62.22,Insufficient Data,Insufficient Data,0.0,0.0,0.0,0.0,,34.6
2026-05-28,BAEMIN_DELIVERY,닭꼬치,10,16,0.5,0.75,0.0,0.125,50.0,,Insufficient Data,Insufficient Data,6.8,0.75,0.0,0.0,,61.5
2026-05-28,BAEMIN_DELIVERY,돈가스,13,13,0.6923,0.8462,0.1538,0.1538,22.23,0.0,Insufficient Data,Insufficient Data,3.22,3.09,0.0,0.0,,50.0
2026-05-28,BAEMIN_DELIVERY,된장찌개,16,10,0.3125,0.8,0.0,0.1,156.0,,Insufficient Data,Insufficient Data,3.8,6.0,0.0,0.0,,38.5
2026-05-28,BAEMIN_DELIVERY,수박주스,9,17,0.6667,0.7059,0.2222,0.1765,5.88,-20.57,Insufficient Data,Insufficient Data,3.67,8.42,0.0,0.0,,65.4
2026-05-28,BAEMIN_DELIVERY,요아정,14,12,0.5714,0.75,0.0714,0.0,31.26,-100.0,Insufficient Data,Insufficient Data,1.13,0.78,0.0,0.0,,46.2
2026-05-28,BAEMIN_DELIVERY,투썸,16,10,0.75,0.8,0.125,0.0,6.67,-100.0,Insufficient Data,Insufficient Data,2.0,1.75,0.0,0.0,,38.5
2026-05-28,ALL,국수나무,13,12,0.7692,0.8333,0.3077,0.1667,8.33,-45.82,Insufficient Data,Insufficient Data,0.2,0.0,0.0,0.0,,48.0
2026-05-28,ALL,김밥천국,16,9,0.8125,0.8889,0.25,0.1111,9.4,-55.56,Insufficient Data,Insufficient Data,0.08,0.5,0.0,0.0,,36.0
2026-05-28,ALL,낙곱새,6,19,0.6667,0.7368,0.0,0.2105,10.51,,Insufficient Data,Insufficient Data,0.5,0.57,0.0,0.0,,76.0
2026-05-28,ALL,돼지국밥,12,13,0.5833,0.6923,0.5833,0.3077,18.69,-47.25,Insufficient Data,Insufficient Data,0.57,0.78,0.0,0.0,,52.0
2026-05-28,ALL,두바이,16,9,0.4375,0.3333,0.0,0.0,-23.82,,Insufficient Data,Insufficient Data,1.71,1.0,0.0,0.0,,36.0
2026-05-28,ALL,망고,11,14,0.4545,0.3571,0.1818,0.0714,-21.43,-60.73,Insufficient Data,Insufficient Data,0.8,2.0,0.0,0.0,,56.0
2026-05-28,ALL,미스터김치왕,,25,,0.68,,0.0,,,Insufficient Data,Insufficient Data,,0.41,,0.0,,
2026-05-28,ALL,백억커피,6,19,0.8333,0.8947,0.3333,0.3684,7.37,10.53,Insufficient Data,Insufficient Data,0.4,0.24,0.0,0.0,,76.0
2026-05-28,ALL,야채곱창,14,11,0.4286,0.3636,0.1429,0.0909,-15.17,-36.39,Insufficient Data,Insufficient Data,1.17,1.75,0.0,0.0,,44.0
2026-05-28,ALL,피자나라치킨공주,14,11,0.7857,0.9091,0.2143,0.0909,15.71,-57.58,Insufficient Data,Insufficient Data,0.55,0.4,0.0,0.0,,44.0
2026-05-28,BAEMIN_DELIVERY,Bhc,16,9,0.8125,0.7778,0.125,0.4444,-4.27,255.52,Insufficient Data,Insufficient Data,0.23,0.14,0.0625,0.0,-100.0,36.0
2026-05-28,BAEMIN_DELIVERY,갈비,15,10,0.6,0.7,0.1333,0.2,16.67,50.04,Insufficient Data,Insufficient Data,3.11,2.29,0.0,0.0,,40.0
2026-05-28,BAEMIN_DELIVERY,과일산도,5,20,0.6,0.3,0.0,0.0,-50.0,,Insufficient Data,Insufficient Data,0.33,1.33,0.0,0.0,,80.0
2026-05-28,BAEMIN_DELIVERY,두바이,12,13,0.6667,0.7692,0.0833,0.0,15.37,-100.0,Insufficient Data,Insufficient Data,7.0,5.1,0.0,0.0,,52.0
2026-05-28,BAEMIN_DELIVERY,생선구이,7,18,0.7143,0.6667,0.1429,0.3333,-6.66,133.24,Insufficient Data,Insufficient Data,2.2,2.25,0.0,0.0,,72.0
2026-05-28,BAEMIN_DELIVERY,야채곱창,13,12,0.3077,0.8333,0.1538,0.25,170.82,62.55,Insufficient Data,Insufficient Data,0.25,1.2,0.0,0.0,,48.0
2026-05-28,BAEMIN_DELIVERY,열정국밥,11,14,0.8182,0.7857,0.0909,0.3571,-3.97,292.85,Insufficient Data,Insufficient Data,0.78,1.73,0.0,0.0,,56.0
2026-05-28,ALL,닭꼬치,12,12,0.8333,0.5,0.0833,0.1667,-40.0,100.12,Insufficient Data,Insufficient Data,1.0,1.33,0.0,0.0,,50.0
2026-05-28,ALL,분식,11,13,0.6364,0.3846,0.3636,0.2308,-39.57,-36.52,Insufficient Data,Insufficient Data,1.14,0.8,0.0,0.0,,54.2
2026-05-28,ALL,열정국밥,11,13,0.6364,0.6154,0.1818,0.3077,-3.3,69.25,Insufficient Data,Insufficient Data,0.29,0.13,0.0,0.0,,54.2
2026-05-28,ALL,요거트,14,10,0.3571,0.3,0.0714,0.0,-15.99,-100.0,Insufficient Data,Insufficient Data,1.2,0.67,0.0,0.0,,41.7
2026-05-28,ALL,정직유부,10,14,0.9,0.7857,0.2,0.2143,-12.7,7.15,Insufficient Data,Insufficient Data,0.11,0.18,0.0,0.0,,58.3
2026-05-28,ALL,하삼동,10,14,0.9,0.8571,0.2,0.0714,-4.77,-64.3,Insufficient Data,Insufficient Data,0.56,0.17,0.0,0.0,,58.3
2026-05-28,BAEMIN_DELIVERY,요거트,12,12,0.5,0.8333,0.0,0.1667,66.66,,Insufficient Data,Insufficient Data,6.17,4.4,0.0,0.0,,50.0
2026-05-28,ALL,노모어피자,10,13,0.8,0.6923,0.3,0.0769,-13.46,-74.37,Insufficient Data,Insufficient Data,0.25,0.0,0.0,0.0,,56.5
2026-05-28,ALL,닭도리탕,18,5,0.6111,0.6,0.1667,0.0,-1.82,-100.0,Insufficient Data,Insufficient Data,0.73,0.67,0.0,0.0,,21.7
2026-05-28,ALL,덮덮밥,3,20,0.6667,0.7,0.3333,0.1,4.99,-70.0,Insufficient Data,Insufficient Data,0.0,1.07,0.0,0.0,,87.0
2026-05-28,ALL,스쿨푸드,9,14,0.8889,0.6429,0.3333,0.1429,-27.67,-57.13,Insufficient Data,Insufficient Data,0.38,0.0,0.0,0.0,,60.9
2026-05-28,BAEMIN_DELIVERY,돼지게티,8,15,0.75,0.7333,0.0,0.0,-2.23,,Insufficient Data,Insufficient Data,0.0,0.27,0.0,0.0,,65.2
2026-05-28,BAEMIN_DELIVERY,막국수,7,16,0.5714,0.8125,0.0,0.1875,42.19,,Insufficient Data,Insufficient Data,7.25,0.92,0.0,0.0,,69.6
2026-05-28,BAEMIN_DELIVERY,배스킨라빈스,16,7,0.5625,0.5714,0.0,0.0,1.58,,Insufficient Data,Insufficient Data,0.22,0.5,0.0625,0.0,-100.0,30.4
2026-05-28,BAEMIN_DELIVERY,베스킨라빈스,9,14,0.7778,0.8571,0.1111,0.2857,10.2,157.16,Insufficient Data,Insufficient Data,1.71,0.67,0.0,0.0,,60.9
2026-05-28,BAEMIN_DELIVERY,수제비,12,11,0.8333,0.9091,0.1667,0.2727,9.1,63.59,Insufficient Data,Insufficient Data,2.9,3.1,0.0,0.0,,47.8
2026-05-28,BAEMIN_DELIVERY,키토김밥,12,11,0.8333,0.8182,0.0833,0.0909,-1.81,9.12,Insufficient Data,Insufficient Data,1.6,2.11,0.0,0.0,,47.8
2026-05-28,BAEMIN_DELIVERY,해장국,8,15,1.0,0.5333,0.125,0.0667,-46.67,-46.64,Insufficient Data,Insufficient Data,5.0,2.63,0.0,0.0,,65.2
2026-05-28,ALL,디저트,10,12,0.3,0.6667,0.0,0.0833,122.23,,Insufficient Data,Insufficient Data,1.33,2.0,0.0,0.0,,54.5
2026-05-28,ALL,생선구이,7,15,0.5714,0.6667,0.0,0.2,16.68,,Insufficient Data,Insufficient Data,0.25,0.9,0.0,0.0,,68.2
2026-05-28,ALL,소림마라,6,16,1.0,0.9375,0.1667,0.0625,-6.25,-62.51,Insufficient Data,Insufficient Data,0.0,0.6,0.0,0.0,,72.7
2026-05-28,ALL,엽기,8,14,1.0,0.9286,0.125,0.2857,-7.14,128.56,Insufficient Data,Insufficient Data,0.0,0.23,0.0,0.0,,63.6
2026-05-28,ALL,유부초밥,13,9,0.4615,0.7778,0.1538,0.1111,68.54,-27.76,Insufficient Data,Insufficient Data,1.17,0.29,0.0,0.0,,40.9
2026-05-28,ALL,파리바게뜨,15,7,0.5333,0.4286,0.0,0.1429,-19.63,,Insufficient Data,Insufficient Data,1.0,1.33,0.0,0.0,,31.8
2026-05-28,ALL,피나치공,9,13,0.7778,0.8462,0.2222,0.0769,8.79,-65.39,Insufficient Data,Insufficient Data,0.0,0.27,0.0,0.0,,59.1
2026-05-28,BAEMIN_DELIVERY,고기,14,8,0.3571,0.75,0.1429,0.125,110.03,-12.53,Insufficient Data,Insufficient Data,0.8,5.17,0.0,0.0,,36.4
2026-05-28,BAEMIN_DELIVERY,돼지국밥,13,9,0.7692,0.8889,0.3077,0.3333,15.56,8.32,Insufficient Data,Insufficient Data,2.0,2.0,0.0,0.0,,40.9
2026-05-28,BAEMIN_DELIVERY,설렁탕,14,8,0.7143,0.75,0.0714,0.125,5.0,75.07,Insufficient Data,Insufficient Data,2.3,1.0,0.0,0.0,,36.4
2026-05-28,ALL,고추바사삭,14,7,0.7143,0.8571,0.1429,0.2857,19.99,99.93,Insufficient Data,Insufficient Data,0.3,0.83,0.0,0.0,,33.3
2026-05-28,ALL,국수사랑채,,21,,0.3333,,0.0,,,Insufficient Data,Insufficient Data,,0.86,,0.0,,
2026-05-28,ALL,김가네,10,11,0.8,0.6364,0.0,0.0,-20.45,,Insufficient Data,Insufficient Data,0.25,0.29,0.0,0.0,,52.4
2026-05-28,ALL,스테이크,9,12,0.4444,0.75,0.1111,0.3333,68.77,200.0,Insufficient Data,Insufficient Data,1.5,1.11,0.0,0.0,,57.1
2026-05-28,ALL,탕화쿵푸마라탕,9,12,0.7778,0.8333,0.2222,0.1667,7.14,-24.98,Insufficient Data,Insufficient Data,0.43,0.5,0.0,0.0,,57.1
2026-05-28,BAEMIN_DELIVERY,닭도리탕,13,8,0.6923,0.5,0.3077,0.25,-27.78,-18.75,Insufficient Data,Insufficient Data,6.11,1.75,0.0,0.0,,38.1
2026-05-28,BAEMIN_DELIVERY,닭볶음탕,9,12,0.8889,0.4167,0.3333,0.0833,-53.12,-75.01,Insufficient Data,Insufficient Data,1.13,4.2,0.0,0.0,,57.1
2026-05-28,BAEMIN_DELIVERY,메가,15,6,0.7333,1.0,0.2667,0.5,36.37,87.48,Insufficient Data,Insufficient Data,1.55,1.0,0.0,0.0,,28.6
2026-05-28,BAEMIN_DELIVERY,숯불,8,13,0.625,0.6923,0.25,0.1538,10.77,-38.48,Insufficient Data,Insufficient Data,1.0,7.0,0.0,0.0,,61.9
2026-05-28,BAEMIN_DELIVERY,스테이크,13,8,0.6154,0.625,0.2308,0.0,1.56,-100.0,Insufficient Data,Insufficient Data,7.25,1.0,0.0,0.0,,38.1
2026-05-28,BAEMIN_DELIVERY,이디야,11,10,1.0,0.8,0.2727,0.4,-20.0,46.68,Insufficient Data,Insufficient Data,0.64,1.13,0.0,0.0,,47.6
2026-05-28,BAEMIN_DELIVERY,이삭,10,11,0.9,0.2727,0.3,0.0909,-69.7,-69.7,Insufficient Data,Insufficient Data,0.11,1.0,0.0,0.0,,52.4
2026-05-28,BAEMIN_DELIVERY,자담치킨,8,13,0.75,0.7692,0.125,0.1538,2.56,23.04,Insufficient Data,Insufficient Data,0.33,0.4,0.0,0.0,,61.9
2026-05-28,BAEMIN_DELIVERY,짜글이,15,6,0.3333,0.3333,0.1333,0.1667,0.0,25.06,Insufficient Data,Insufficient Data,1.2,0.5,0.0,0.0,,28.6
2026-05-28,BAEMIN_DELIVERY,한솥도시락,16,5,0.5625,1.0,0.25,0.4,77.78,60.0,Insufficient Data,Insufficient Data,0.67,0.0,0.0,0.0,,23.8
2026-05-28,ALL,닭볶음탕,9,11,0.5556,0.4545,0.3333,0.0909,-18.2,-72.73,Insufficient Data,Insufficient Data,1.2,0.6,0.0,0.0,,55.0
2026-05-28,ALL,된장찌개,12,8,0.4167,0.375,0.0833,0.125,-10.01,50.06,Insufficient Data,Insufficient Data,2.0,0.33,0.0,0.0,,40.0
2026-05-28,ALL,삼첩분식,12,8,0.75,0.625,0.1667,0.125,-16.67,-25.01,Insufficient Data,Insufficient Data,0.11,0.4,0.0,0.0,,40.0
2026-05-28,ALL,상상오리,14,6,0.6429,0.8333,0.0714,0.1667,29.62,133.47,Insufficient Data,Insufficient Data,0.44,0.0,0.0,0.0,,30.0
2026-05-28,ALL,수제비,13,7,0.3077,0.5714,0.0,0.1429,85.7,,Insufficient Data,Insufficient Data,1.5,1.5,0.0,0.0,,35.0
2026-05-28,ALL,순대국,8,12,0.875,0.5833,0.25,0.25,-33.34,0.0,Insufficient Data,Insufficient Data,1.0,2.29,0.0,0.0,,60.0
2026-05-28,ALL,스시,6,14,0.5,0.5714,0.3333,0.2857,14.28,-14.28,Insufficient Data,Insufficient Data,0.67,1.5,0.0,0.0,,70.0
2026-05-28,ALL,슬로우캘리,3,17,0.6667,1.0,0.6667,0.0,49.99,-100.0,Insufficient Data,Insufficient Data,0.5,0.12,0.0,0.0,,85.0
2026-05-28,ALL,쌈밥,9,11,0.4444,0.5455,0.2222,0.0909,22.75,-59.09,Insufficient Data,Insufficient Data,0.25,1.0,0.0,0.0,,55.0
2026-05-28,ALL,양꼬치,4,16,1.0,0.625,0.25,0.125,-37.5,-50.0,Insufficient Data,Insufficient Data,0.0,0.5,0.0,0.0,,80.0
2026-05-28,ALL,옛날통닭,10,10,0.7,0.4,0.3,0.2,-42.86,-33.33,Insufficient Data,Insufficient Data,1.14,0.5,0.0,0.0,,50.0
2026-05-28,ALL,젓가락질잘해야만밥을먹나요,13,7,1.0,0.8571,0.1538,0.1429,-14.29,-7.09,Insufficient Data,Insufficient Data,0.0,0.17,0.0,0.0,,35.0
2026-05-28,ALL,해장국,9,11,0.5556,0.2727,0.1111,0.1818,-50.92,63.64,Insufficient Data,Insufficient Data,2.6,1.67,0.0,0.0,,55.0
2026-05-28,BAEMIN_DELIVERY,간장게장,6,14,0.8333,0.8571,0.3333,0.1429,2.86,-57.13,Insufficient Data,Insufficient Data,0.8,1.83,0.0,0.0,,70.0
2026-05-28,BAEMIN_DELIVERY,떡,7,13,0.5714,0.6154,0.0,0.0769,7.7,,Insufficient Data,Insufficient Data,10.0,11.5,0.0,0.0,,65.0
2026-05-28,BAEMIN_DELIVERY,로제떡볶이,10,10,0.6,0.6,0.2,0.1,0.0,-50.0,Insufficient Data,Insufficient Data,0.33,0.5,0.0,0.0,,50.0
2026-05-28,BAEMIN_DELIVERY,망고,5,15,0.6,0.8,0.0,0.0667,33.33,,Insufficient Data,Insufficient Data,1.67,10.58,0.0,0.0,,75.0
2026-05-28,BAEMIN_DELIVERY,무뼈닭발,13,7,0.5385,0.2857,0.0769,0.0,-46.95,-100.0,Insufficient Data,Insufficient Data,1.57,13.5,0.0,0.0,,35.0
2026-05-28,BAEMIN_DELIVERY,베이커리,6,14,0.8333,0.8571,0.1667,0.0714,2.86,-57.17,Insufficient Data,Insufficient Data,9.8,3.17,0.0,0.0,,70.0
2026-05-28,BAEMIN_DELIVERY,비비큐,7,13,0.7143,0.7692,0.0,0.3846,7.69,,Insufficient Data,Insufficient Data,1.2,2.5,0.0,0.0,,65.0
2026-05-28,ALL,갈비,11,8,0.1818,0.375,0.0,0.125,106.27,,Insufficient Data,Insufficient Data,0.5,3.0,0.0,0.0,,42.1
2026-05-28,ALL,김피탕,8,11,0.625,0.7273,0.125,0.3636,16.37,190.88,Insufficient Data,Insufficient Data,1.0,0.38,0.0,0.0,,57.9
2026-05-28,ALL,냉모밀,8,11,0.375,0.2727,0.25,0.0,-27.28,-100.0,Insufficient Data,Insufficient Data,2.0,0.33,0.0,0.0,,57.9
2026-05-28,ALL,더벤티,8,11,0.875,0.9091,0.375,0.2727,3.9,-27.28,Insufficient Data,Insufficient Data,0.43,0.7,0.0,0.0,,57.9
2026-05-28,ALL,두바이와플,7,12,0.5714,0.6667,0.1429,0.0833,16.68,-41.71,Insufficient Data,Insufficient Data,0.0,1.25,0.0,0.0,,63.2
2026-05-28,ALL,브런치,8,11,0.75,0.5455,0.0,0.0909,-27.27,,Insufficient Data,Insufficient Data,0.67,1.33,0.0,0.0,,57.9
2026-05-28,ALL,야식,11,8,0.2727,0.5,0.0,0.0,83.35,,Insufficient Data,Insufficient Data,1.67,1.25,0.0,0.0,,42.1
2026-05-28,ALL,이디야커피,8,11,0.625,0.8182,0.125,0.2727,30.91,118.16,Insufficient Data,Insufficient Data,0.6,1.22,0.0,0.0,,57.9
2026-05-28,ALL,콩나물국밥,10,9,0.6,0.4444,0.0,0.1111,-25.93,,Insufficient Data,Insufficient Data,1.33,0.25,0.0,0.0,,47.4
2026-05-28,BAEMIN_DELIVERY,꼬마김밥,12,7,0.6667,0.7143,0.1667,0.1429,7.14,-14.28,Insufficient Data,Insufficient Data,4.75,3.0,0.0,0.0,,36.8
2026-05-28,BAEMIN_DELIVERY,던킨,10,9,0.7,0.8889,0.1,0.2222,26.99,122.2,Insufficient Data,Insufficient Data,0.0,2.38,0.0,0.0,,47.4
2026-05-28,BAEMIN_DELIVERY,멕시카나,9,10,0.8889,1.0,0.3333,0.1,12.5,-70.0,Insufficient Data,Insufficient Data,2.0,0.1,0.0,0.0,,52.6
2026-05-28,BAEMIN_DELIVERY,순대국,9,10,0.7778,0.8,0.0,0.3,2.85,,Insufficient Data,Insufficient Data,5.29,3.13,0.1111,0.0,-100.0,52.6
2026-05-28,BAEMIN_DELIVERY,오돌뼈,12,7,0.4167,0.8571,0.0833,0.4286,105.69,414.53,Insufficient Data,Insufficient Data,1.6,1.5,0.0,0.0,,36.8
2026-05-28,BAEMIN_DELIVERY,오징어회,8,11,0.875,0.9091,0.0,0.0909,3.9,,Insufficient Data,Insufficient Data,0.43,1.4,0.0,0.0,,57.9
2026-05-28,BAEMIN_DELIVERY,와플대학,8,11,0.625,0.6364,0.25,0.2727,1.82,9.08,Insufficient Data,Insufficient Data,0.0,0.57,0.0,0.0,,57.9
2026-05-28,BAEMIN_DELIVERY,쪽갈비,13,6,0.6923,0.8333,0.0769,0.3333,20.37,333.42,Insufficient Data,Insufficient Data,0.67,0.2,0.0,0.0,,31.6
2026-05-28,BAEMIN_DELIVERY,쭈꾸미,13,6,0.8462,0.8333,0.0769,0.1667,-1.52,116.78,Insufficient Data,Insufficient Data,0.64,2.0,0.0,0.0,,31.6
2026-05-28,BAEMIN_DELIVERY,텐퍼센트,14,5,0.8571,0.6,0.2143,0.4,-30.0,86.65,Insufficient Data,Insufficient Data,1.08,0.67,0.0,0.0,,26.3
2026-05-28,BAEMIN_DELIVERY,휘낭시에,9,10,0.7778,0.8,0.0,0.2,2.85,,Insufficient Data,Insufficient Data,3.86,3.38,0.0,0.0,,52.6
2026-05-28,ALL,고기,12,6,0.4167,0.6667,0.1667,0.0,60.0,-100.0,Insufficient Data,Insufficient Data,0.6,0.75,0.0,0.0,,33.3
2026-05-28,ALL,고봉민김밥,8,10,0.625,0.7,0.25,0.2,12.0,-20.0,Insufficient Data,Insufficient Data,0.2,0.0,0.0,0.0,,55.6
2026-05-28,ALL,대창,11,7,0.6364,0.5714,0.0909,0.1429,-10.21,57.21,Insufficient Data,Insufficient Data,0.43,0.75,0.0,0.0,,38.9
2026-05-28,ALL,로제떡볶이,11,7,0.5455,0.2857,0.1818,0.1429,-47.63,-21.4,Insufficient Data,Insufficient Data,2.83,2.0,0.0,0.0,,38.9
2026-05-28,ALL,마카롱,5,13,0.8,0.8462,0.6,0.0769,5.77,-87.18,Insufficient Data,Insufficient Data,0.5,1.27,0.0,0.0,,72.2
2026-05-28,ALL,베이글,8,10,0.5,0.5,0.125,0.4,0.0,220.0,Insufficient Data,Insufficient Data,0.5,1.2,0.0,0.0,,55.6
2026-05-28,ALL,봉구스,6,12,0.6667,0.75,0.0,0.3333,12.49,,Insufficient Data,Insufficient Data,0.25,0.44,0.0,0.0,,66.7
2026-05-28,ALL,순대국밥,11,7,0.5455,0.2857,0.2727,0.0,-47.63,-100.0,Insufficient Data,Insufficient Data,0.83,2.5,0.0,0.0,,38.9
2026-05-28,ALL,오돌뼈,9,9,0.3333,0.4444,0.0,0.2222,33.33,,Insufficient Data,Insufficient Data,0.0,0.25,0.0,0.0,,50.0
2026-05-28,ALL,오징어회,7,11,0.5714,0.8182,0.0,0.1818,43.19,,Insufficient Data,Insufficient Data,0.0,0.0,0.0,0.0,,61.1
2026-05-28,ALL,우지,9,9,0.8889,0.4444,0.2222,0.0,-50.01,-100.0,Insufficient Data,Insufficient Data,1.0,0.75,0.0,0.0,,50.0
2026-05-28,ALL,쪽갈비,9,9,0.5556,0.7778,0.1111,0.2222,39.99,100.0,Insufficient Data,Insufficient Data,0.6,1.29,0.0,0.0,,50.0
2026-05-28,BAEMIN_DELIVERY,낙곱새,8,10,0.75,0.9,0.375,0.3,20.0,-20.0,Insufficient Data,Insufficient Data,0.67,3.22,0.0,0.0,,55.6
2026-05-28,BAEMIN_DELIVERY,디저트,10,8,0.8,0.75,0.1,0.125,-6.25,25.0,Insufficient Data,Insufficient Data,8.0,4.0,0.0,0.0,,44.4
2026-05-28,BAEMIN_DELIVERY,보배반점,7,11,0.8571,0.6364,0.4286,0.1818,-25.75,-57.58,Insufficient Data,Insufficient Data,0.67,0.0,0.0,0.0,,61.1
2026-05-28,BAEMIN_DELIVERY,숯불치킨,4,14,0.5,0.6429,0.0,0.2143,28.58,,Insufficient Data,Insufficient Data,1.5,2.33,0.0,0.0,,77.8
2026-05-28,BAEMIN_DELIVERY,스시,8,10,1.0,0.7,0.25,0.2,-30.0,-20.0,Insufficient Data,Insufficient Data,4.12,3.57,0.0,0.0,,55.6
2026-05-28,BAEMIN_DELIVERY,요거트아이스크림,6,12,0.6667,0.8333,0.1667,0.0833,24.99,-50.03,Insufficient Data,Insufficient Data,2.0,2.7,0.0,0.0,,66.7
2026-05-28,BAEMIN_DELIVERY,콩나물국밥,12,6,0.8333,0.5,0.5,0.1667,-40.0,-66.66,Insufficient Data,Insufficient Data,1.6,1.0,0.0,0.0,,33.3
2026-05-28,ALL,꼬치,8,9,0.25,0.5556,0.0,0.0,122.24,,Insufficient Data,Insufficient Data,0.5,1.2,0.0,0.0,,52.9
2026-05-28,ALL,닭갈비,8,9,0.5,0.5556,0.125,0.3333,11.12,166.64,Insufficient Data,Insufficient Data,1.5,1.0,0.0,0.0,,52.9
2026-05-28,ALL,샐러리아,4,13,0.25,0.9231,0.25,0.3077,269.24,23.08,Insufficient Data,Insufficient Data,0.0,0.17,0.0,0.0,,76.5
2026-05-28,ALL,인생아구찜,5,12,0.8,0.9167,0.2,0.25,14.59,25.0,Insufficient Data,Insufficient Data,0.0,0.27,0.0,0.0,,70.6
2026-05-28,ALL,짜글이,11,6,0.3636,0.5,0.0909,0.3333,37.51,266.67,Insufficient Data,Insufficient Data,0.5,1.0,0.0,0.0,,35.3
2026-05-28,ALL,참치,9,8,0.5556,0.75,0.1111,0.25,34.99,125.02,Insufficient Data,Insufficient Data,0.4,1.33,0.0,0.0,,47.1
2026-05-28,ALL,피자헛,10,7,0.9,0.5714,0.3,0.1429,-36.51,-52.37,Insufficient Data,Insufficient Data,0.0,0.0,0.0,0.0,,41.2
2026-05-28,BAEMIN_DELIVERY,국물닭발,8,9,0.875,0.8889,0.0,0.3333,1.59,,Insufficient Data,Insufficient Data,2.14,0.88,0.0,0.0,,52.9
2026-05-28,BAEMIN_DELIVERY,마왕족발,7,10,0.5714,0.8,0.1429,0.1,40.01,-30.02,Insufficient Data,Insufficient Data,0.0,1.25,0.0,0.0,,58.8
2026-05-28,BAEMIN_DELIVERY,브리또,11,6,0.5455,0.8333,0.0,0.0,52.76,,Insufficient Data,Insufficient Data,0.83,0.6,0.0,0.0,,35.3
2026-05-28,BAEMIN_DELIVERY,에그타르트,9,8,0.6667,1.0,0.3333,0.25,49.99,-24.99,Insufficient Data,Insufficient Data,10.0,3.13,0.0,0.0,,47.1
2026-05-28,BAEMIN_DELIVERY,역전할머니맥주,1,16,0.0,0.8125,0.0,0.0625,,,Insufficient Data,Insufficient Data,,0.31,0.0,0.0,,94.1
2026-05-28,BAEMIN_DELIVERY,육개장,12,5,0.4167,0.6,0.0,0.0,43.99,,Insufficient Data,Insufficient Data,8.4,1.0,0.0,0.0,,29.4
2026-05-28,BAEMIN_DELIVERY,육회바른연어,5,12,1.0,0.6667,0.2,0.0,-33.33,-100.0,Insufficient Data,Insufficient Data,1.0,0.38,0.0,0.0,,70.6
2026-05-28,BAEMIN_DELIVERY,페리카나,10,7,0.6,0.8571,0.0,0.5714,42.85,,Insufficient Data,Insufficient Data,0.33,0.17,0.0,0.0,,41.2
2026-05-28,BAEMIN_DELIVERY,훌랄라참숯바베큐치킨,9,8,1.0,0.75,0.1111,0.0,-25.0,-100.0,Insufficient Data,Insufficient Data,0.11,0.33,0.0,0.0,,47.1
2026-05-28,ALL,달리는커피,11,5,0.9091,0.8,0.1818,0.2,-12.0,10.01,Insufficient Data,Insufficient Data,0.2,0.0,0.0,0.0,,31.3
2026-05-28,ALL,두루치기,5,11,0.8,0.8182,0.2,0.0909,2.27,-54.55,Insufficient Data,Insufficient Data,0.75,1.78,0.0,0.0,,68.8
2026-05-28,ALL,두바이쫀득쿠키,6,10,0.6667,0.4,0.1667,0.0,-40.0,-100.0,Insufficient Data,Insufficient Data,1.5,1.25,0.0,0.0,,62.5
2026-05-28,ALL,마라,8,8,0.25,0.25,0.125,0.125,0.0,0.0,Insufficient Data,Insufficient Data,1.5,1.0,0.0,0.0,,50.0
2026-05-28,ALL,막국수,8,8,0.375,0.375,0.125,0.0,0.0,-100.0,Insufficient Data,Insufficient Data,0.33,0.0,0.0,0.0,,50.0
2026-05-28,ALL,명랑,6,10,0.8333,0.7,0.3333,0.1,-16.0,-70.0,Insufficient Data,Insufficient Data,0.4,0.57,0.0,0.0,,62.5
2026-05-28,ALL,베이커리,4,12,0.25,0.5833,0.0,0.0,133.32,,Insufficient Data,Insufficient Data,2.0,1.0,0.0,0.0,,75.0
2026-05-28,ALL,수박주스,2,14,1.0,0.2857,0.5,0.0714,-71.43,-85.72,Insufficient Data,Insufficient Data,1.5,2.5,0.0,0.0,,87.5
2026-05-28,ALL,육식사관학교,7,9,1.0,0.8889,0.0,0.4444,-11.11,,Insufficient Data,Insufficient Data,0.0,0.0,0.0,0.0,,56.3
2026-05-28,ALL,쭈꾸미볶음,4,12,0.25,0.3333,0.0,0.0,33.32,,Insufficient Data,Insufficient Data,1.0,1.5,0.0,0.0,,75.0
2026-05-28,ALL,참치회,10,6,0.6,1.0,0.1,0.1667,66.67,66.7,Insufficient Data,Insufficient Data,0.17,1.17,0.0,0.0,,37.5
2026-05-28,ALL,탕화쿵푸,8,8,0.5,0.5,0.375,0.25,0.0,-33.33,Insufficient Data,Insufficient Data,0.5,0.25,0.0,0.0,,50.0
2026-05-28,ALL,피자마루,9,7,0.5556,0.7143,0.1111,0.1429,28.56,28.62,Insufficient Data,Insufficient Data,0.4,0.4,0.0,0.0,,43.8
2026-05-28,ALL,홍콩반점,8,8,0.625,0.875,0.125,0.5,40.0,300.0,Insufficient Data,Insufficient Data,0.2,0.71,0.0,0.0,,50.0
2026-05-28,ALL,휘낭시에,7,9,0.5714,0.6667,0.0,0.2222,16.68,,Insufficient Data,Insufficient Data,0.5,1.5,0.0,0.0,,56.3
2026-05-28,BAEMIN_DELIVERY,Kfc,7,9,1.0,0.5556,0.4286,0.0,-44.44,-100.0,Insufficient Data,Insufficient Data,0.43,0.0,0.0,0.0,,56.3
2026-05-28,BAEMIN_DELIVERY,김밥천국,10,6,0.8,1.0,0.2,0.1667,25.0,-16.65,Insufficient Data,Insufficient Data,0.25,0.5,0.0,0.0,,37.5
2026-05-28,BAEMIN_DELIVERY,매운,5,11,0.6,0.3636,0.0,0.0909,-39.4,,Insufficient Data,Insufficient Data,24.0,4.5,0.0,0.0,,68.8
2026-05-28,BAEMIN_DELIVERY,밥,6,10,0.1667,0.6,0.0,0.1,259.93,,Insufficient Data,Insufficient Data,34.0,14.33,0.0,0.0,,62.5
2026-05-28,BAEMIN_DELIVERY,샤브샤브,8,8,1.0,0.625,0.25,0.25,-37.5,0.0,Insufficient Data,Insufficient Data,3.13,0.2,0.0,0.0,,50.0
2026-05-28,BAEMIN_DELIVERY,신전,8,8,0.625,0.875,0.125,0.125,40.0,0.0,Insufficient Data,Insufficient Data,0.6,0.57,0.0,0.0,,50.0
2026-05-28,BAEMIN_DELIVERY,야식,8,8,0.625,0.25,0.25,0.0,-60.0,-100.0,Insufficient Data,Insufficient Data,33.6,5.0,0.0,0.0,,50.0
2026-05-28,BAEMIN_DELIVERY,청국장,11,5,0.6364,0.6,0.1818,0.4,-5.72,120.02,Insufficient Data,Insufficient Data,3.0,1.0,0.0,0.0,,31.3
2026-05-28,BAEMIN_DELIVERY,프랭크버거,5,11,0.8,0.7273,0.2,0.2727,-9.09,36.35,Insufficient Data,Insufficient Data,1.25,0.88,0.0,0.0,,68.8
2026-05-28,BAEMIN_DELIVERY,호두과자,9,7,0.5556,0.5714,0.1111,0.0,2.84,-100.0,Insufficient Data,Insufficient Data,2.4,0.75,0.0,0.0,,43.8
2026-05-28,ALL,가마치,10,5,0.7,0.8,0.4,0.0,14.29,-100.0,Insufficient Data,Insufficient Data,0.14,0.25,0.0,0.0,,33.3
2026-05-28,ALL,꾸브라꼬숯불치킨,9,6,0.7778,0.6667,0.1111,0.1667,-14.28,50.05,Insufficient Data,Insufficient Data,0.14,0.0,0.0,0.0,,40.0
2026-05-28,ALL,도미노,7,8,0.8571,0.75,0.0,0.0,-12.5,,Insufficient Data,Insufficient Data,0.0,0.67,0.0,0.0,,53.3
2026-05-28,ALL,매운,6,9,0.3333,0.0,0.0,0.0,-100.0,,Insufficient Data,Insufficient Data,0.5,,0.0,0.0,,60.0
2026-05-28,ALL,반올림,4,11,0.5,0.5455,0.0,0.0909,9.1,,Insufficient Data,Insufficient Data,2.0,0.33,0.0,0.0,,73.3
2026-05-28,ALL,반올림피자,4,11,0.75,0.7273,0.0,0.2727,-3.03,,Insufficient Data,Insufficient Data,1.0,0.63,0.0,0.0,,73.3
2026-05-28,ALL,밥버거,7,8,0.2857,0.75,0.0,0.25,162.51,,Insufficient Data,Insufficient Data,0.0,0.33,0.0,0.0,,53.3
2026-05-28,ALL,백다방,5,10,0.6,0.7,0.4,0.1,16.67,-75.0,Insufficient Data,Insufficient Data,0.0,0.57,0.0,0.0,,66.7
2026-05-28,ALL,순두부찌개,2,13,1.0,0.4615,1.0,0.0,-53.85,-100.0,Insufficient Data,Insufficient Data,0.5,0.5,0.0,0.0,,86.7
2026-05-28,ALL,스텔라떡볶이,9,6,0.7778,0.6667,0.0,0.0,-14.28,,Insufficient Data,Insufficient Data,0.0,0.5,0.0,0.0,,40.0
2026-05-28,ALL,전남친순대,4,11,0.5,0.3636,0.0,0.0,-27.28,,Insufficient Data,Insufficient Data,0.0,0.5,0.0,0.0,,73.3
2026-05-28,ALL,지지고,10,5,0.7,1.0,0.4,0.2,42.86,-50.0,Insufficient Data,Insufficient Data,0.43,0.0,0.0,0.0,,33.3
2026-05-28,ALL,해물찜,8,7,0.875,0.2857,0.125,0.1429,-67.35,14.32,Insufficient Data,Insufficient Data,1.0,0.5,0.0,0.0,,46.7
2026-05-28,ALL,허니콤보,8,7,0.625,0.7143,0.125,0.1429,14.29,14.32,Insufficient Data,Insufficient Data,1.0,1.2,0.0,0.0,,46.7
2026-05-28,BAEMIN_DELIVERY,닭갈비,8,7,0.625,0.8571,0.125,0.1429,37.14,14.32,Insufficient Data,Insufficient Data,4.2,3.17,0.0,0.0,,46.7
2026-05-28,BAEMIN_DELIVERY,디저트39,7,8,0.5714,0.75,0.1429,0.125,31.26,-12.53,Insufficient Data,Insufficient Data,0.0,0.33,0.0,0.0,,53.3
2026-05-28,BAEMIN_DELIVERY,마라,7,8,0.4286,0.625,0.0,0.125,45.82,,Insufficient Data,Insufficient Data,20.33,6.4,0.0,0.0,,53.3
2026-05-28,BAEMIN_DELIVERY,배떡,9,6,1.0,1.0,0.1111,0.3333,0.0,200.0,Insufficient Data,Insufficient Data,0.33,0.67,0.0,0.0,,40.0
2026-05-28,BAEMIN_DELIVERY,봉구스밥버거,7,8,0.5714,0.75,0.0,0.375,31.26,,Insufficient Data,Insufficient Data,0.0,1.5,0.0,0.0,,53.3
2026-05-28,BAEMIN_DELIVERY,양꼬치,2,13,1.0,0.9231,0.0,0.0,-7.69,,Insufficient Data,Insufficient Data,0.0,1.08,0.0,0.0,,86.7
2026-05-28,BAEMIN_DELIVERY,월남쌈,7,8,0.7143,0.875,0.0,0.125,22.5,,Insufficient Data,Insufficient Data,0.2,2.43,0.0,0.0,,53.3
2026-05-28,BAEMIN_DELIVERY,유부초밥,10,5,0.7,1.0,0.2,0.4,42.86,100.0,Insufficient Data,Insufficient Data,2.43,1.0,0.0,0.0,,33.3
2026-05-28,BAEMIN_DELIVERY,치즈돈까스,3,12,1.0,0.4167,0.3333,0.0833,-58.33,-75.01,Insufficient Data,Insufficient Data,7.33,3.6,0.0,0.0,,80.0
2026-05-28,ALL,계란,7,7,0.0,0.0,0.0,0.0,,,Insufficient Data,Insufficient Data,,,0.0,0.0,,50.0
2026-05-28,ALL,꾸브라꼬,6,8,0.5,0.875,0.0,0.0,75.0,,Insufficient Data,Insufficient Data,0.33,1.71,0.0,0.0,,57.1
2026-05-28,ALL,돈카츠,9,5,0.8889,0.2,0.3333,0.0,-77.5,-100.0,Insufficient Data,Insufficient Data,0.38,1.0,0.0,0.0,,35.7
2026-05-28,ALL,동궁찜닭,7,7,1.0,1.0,0.2857,0.1429,0.0,-49.98,Insufficient Data,Insufficient Data,0.29,0.86,0.0,0.0,,50.0
2026-05-28,ALL,떡꼬치,9,5,0.7778,0.6,0.1111,0.2,-22.86,80.02,Insufficient Data,Insufficient Data,1.0,1.0,0.0,0.0,,35.7
2026-05-28,ALL,라볶이,6,8,0.1667,0.625,0.0,0.0,274.93,,Insufficient Data,Insufficient Data,1.0,1.8,0.0,0.0,,57.1
2026-05-28,ALL,빙동댕,5,9,1.0,0.7778,0.2,0.2222,-22.22,11.1,Insufficient Data,Insufficient Data,0.4,0.14,0.0,0.0,,64.3
2026-05-28,ALL,빠리바게트,8,6,0.625,0.8333,0.25,0.1667,33.33,-33.32,Insufficient Data,Insufficient Data,0.0,0.2,0.0,0.0,,42.9
2026-05-28,ALL,샤브샤브,8,6,0.625,0.6667,0.125,0.1667,6.67,33.36,Insufficient Data,Insufficient Data,1.2,1.25,0.0,0.0,,42.9
2026-05-28,ALL,수제버거,6,8,0.5,0.0,0.0,0.0,-100.0,,Insufficient Data,Insufficient Data,0.33,,0.0,0.0,,57.1
2026-05-28,ALL,오징어,7,7,0.1429,0.2857,0.0,0.0,99.93,,Insufficient Data,Insufficient Data,0.0,1.5,0.0,0.0,,50.0
2026-05-28,ALL,월남쌈,7,7,0.4286,0.4286,0.1429,0.0,0.0,-100.0,Insufficient Data,Insufficient Data,0.33,0.33,0.0,0.0,,50.0
2026-05-28,ALL,잔치국수,7,7,0.2857,0.2857,0.1429,0.1429,0.0,0.0,Insufficient Data,Insufficient Data,0.5,1.5,0.0,0.0,,50.0
2026-05-28,ALL,저당,7,7,0.5714,0.1429,0.1429,0.0,-74.99,-100.0,Insufficient Data,Insufficient Data,1.25,2.0,0.0,0.0,,50.0
2026-05-28,ALL,중국집,9,5,0.1111,0.6,0.1111,0.4,440.05,260.04,Insufficient Data,Insufficient Data,1.0,1.33,0.0,0.0,,35.7
2026-05-28,ALL,중식,7,7,0.7143,0.5714,0.1429,0.2857,-20.01,99.93,Insufficient Data,Insufficient Data,1.8,1.0,0.0,0.0,,50.0
2026-05-28,ALL,플러스82,8,6,0.75,0.5,0.125,0.1667,-33.33,33.36,Insufficient Data,Insufficient Data,0.33,0.0,0.0,0.0,,42.9
2026-05-28,BAEMIN_DELIVERY,동대문엽기떡볶이,8,6,0.625,0.8333,0.125,0.3333,33.33,166.64,Insufficient Data,Insufficient Data,0.4,1.8,0.0,0.0,,42.9
2026-05-28,BAEMIN_DELIVERY,라볶이,6,8,0.5,0.875,0.0,0.25,75.0,,Insufficient Data,Insufficient Data,1.0,1.57,0.0,0.0,,57.1
2026-05-28,BAEMIN_DELIVERY,생맥주,5,9,0.4,0.8889,0.2,0.1111,122.22,-44.45,Insufficient Data,Insufficient Data,11.0,11.25,0.0,0.0,,64.3
2026-05-28,BAEMIN_DELIVERY,쌈밥,7,7,0.5714,1.0,0.1429,0.0,75.01,-100.0,Insufficient Data,Insufficient Data,1.25,1.14,0.0,0.0,,50.0
2026-05-28,BAEMIN_DELIVERY,우지커피,9,5,0.5556,0.4,0.0,0.2,-28.01,,Insufficient Data,Insufficient Data,1.0,1.0,0.2222,0.0,-100.0,35.7
2026-05-28,BAEMIN_DELIVERY,피나치공,7,7,1.0,0.7143,0.4286,0.4286,-28.57,0.0,Insufficient Data,Insufficient Data,0.0,0.0,0.0,0.0,,50.0
2026-05-28,BAEMIN_DELIVERY,하삼동,6,8,1.0,0.75,0.1667,0.25,-25.0,49.97,Insufficient Data,Insufficient Data,0.67,2.0,0.0,0.0,,57.1
2026-05-28,ALL,bhc뿌링클,8,5,0.625,0.8,0.25,0.4,28.0,60.0,Insufficient Data,Insufficient Data,0.4,0.25,0.0,0.0,,38.5
2026-05-28,ALL,누구나홀딱반한닭,4,9,1.0,1.0,0.25,0.2222,0.0,-11.12,Insufficient Data,Insufficient Data,0.0,0.11,0.0,0.0,,69.2
2026-05-28,ALL,명량핫도,6,7,0.8333,0.8571,0.1667,0.0,2.86,-100.0,Insufficient Data,Insufficient Data,0.0,0.67,0.0,0.0,,53.8
2026-05-28,ALL,모코코,8,5,0.125,0.6,0.0,0.0,380.0,,Insufficient Data,Insufficient Data,1.0,0.67,0.0,0.0,,38.5
2026-05-28,ALL,바나나푸딩,5,8,0.6,1.0,0.0,0.125,66.67,,Insufficient Data,Insufficient Data,0.0,0.0,0.0,0.0,,61.5
2026-05-28,ALL,비빔국수,4,9,0.75,0.4444,0.5,0.1111,-40.75,-77.78,Insufficient Data,Insufficient Data,1.0,0.5,0.0,0.0,,69.2
2026-05-28,ALL,뼈구이,7,6,0.7143,0.3333,0.0,0.0,-53.34,,Insufficient Data,Insufficient Data,0.4,0.0,0.0,0.0,,46.2
2026-05-28,ALL,삼백집,,13,,0.7692,,0.0,,,Insufficient Data,Insufficient Data,,0.5,,0.0,,
2026-05-28,ALL,우리할매떡볶이,8,5,0.625,0.6,0.125,0.0,-4.0,-100.0,Insufficient Data,Insufficient Data,0.0,0.0,0.0,0.0,,38.5
2026-05-28,ALL,육개장,6,7,0.6667,0.4286,0.1667,0.1429,-35.71,-14.28,Insufficient Data,Insufficient Data,0.25,0.33,0.0,0.0,,53.8
2026-05-28,ALL,지코바치킨,5,8,1.0,0.75,0.6,0.375,-25.0,-37.5,Insufficient Data,Insufficient Data,0.0,0.17,0.0,0.0,,61.5
2026-05-28,ALL,큰손닭강정,5,8,0.8,0.875,0.0,0.125,9.37,,Insufficient Data,Insufficient Data,0.0,0.57,0.0,0.0,,61.5
2026-05-28,ALL,투다리,5,8,0.4,0.875,0.0,0.125,118.75,,Insufficient Data,Insufficient Data,0.0,0.43,0.0,0.0,,61.5
2026-05-28,ALL,호두과자,7,6,0.5714,0.3333,0.0,0.0,-41.67,,Insufficient Data,Insufficient Data,0.0,1.5,0.0,0.0,,46.2
2026-05-28,ALL,훌랄라참숯바베큐치킨,6,7,0.6667,0.5714,0.0,0.0,-14.29,,Insufficient Data,Insufficient Data,0.25,0.75,0.0,0.0,,53.8
2026-05-28,BAEMIN_DELIVERY,돈카츠,3,10,0.6667,0.8,0.3333,0.3,19.99,-9.99,Insufficient Data,Insufficient Data,3.5,0.5,0.0,0.0,,76.9
2026-05-28,BAEMIN_DELIVERY,디카페인,6,7,0.8333,0.5714,0.3333,0.0,-31.43,-100.0,Insufficient Data,Insufficient Data,4.8,5.25,0.0,0.0,,53.8
2026-05-28,BAEMIN_DELIVERY,면,6,7,0.5,0.4286,0.1667,0.2857,-14.28,71.39,Insufficient Data,Insufficient Data,2.33,5.67,0.0,0.0,,53.8
2026-05-28,BAEMIN_DELIVERY,뿌링클,6,7,0.6667,0.8571,0.3333,0.2857,28.56,-14.28,Insufficient Data,Insufficient Data,0.25,0.33,0.0,0.0,,53.8
2026-05-28,BAEMIN_DELIVERY,오므라이스,7,6,0.8571,0.8333,0.0,0.6667,-2.78,,Insufficient Data,Insufficient Data,1.5,4.0,0.0,0.0,,46.2
2026-05-28,BAEMIN_DELIVERY,왓더버거,7,6,0.5714,0.3333,0.2857,0.1667,-41.67,-41.65,Insufficient Data,Insufficient Data,0.5,0.0,0.0,0.0,,46.2
2026-05-28,BAEMIN_DELIVERY,제육덮밥,7,6,0.8571,0.5,0.2857,0.3333,-41.66,16.66,Insufficient Data,Insufficient Data,2.67,7.0,0.0,0.0,,46.2
2026-05-28,BAEMIN_DELIVERY,쭈꾸미볶음,5,8,0.6,0.5,0.0,0.0,-16.67,,Insufficient Data,Insufficient Data,0.33,2.5,0.0,0.0,,61.5
2026-05-28,BAEMIN_DELIVERY,컵빙수,5,8,0.8,0.625,0.0,0.0,-21.88,,Insufficient Data,Insufficient Data,2.5,3.6,0.0,0.0,,61.5
2026-05-28,BAEMIN_DELIVERY,크리스피크림도넛,6,7,0.8333,1.0,0.1667,0.1429,20.0,-14.28,Insufficient Data,Insufficient Data,0.0,0.43,0.0,0.0,,53.8
2026-05-28,BAEMIN_DELIVERY,탕화쿵푸,8,5,0.25,0.8,0.125,0.4,220.0,220.0,Insufficient Data,Insufficient Data,0.0,1.25,0.0,0.0,,38.5
2026-05-28,BAEMIN_DELIVERY,해장,4,9,0.5,0.5556,0.0,0.2222,11.12,,Insufficient Data,Insufficient Data,22.5,23.0,0.0,0.0,,69.2
2026-05-28,ALL,강다짐,4,8,1.0,0.75,0.25,0.25,-25.0,0.0,Insufficient Data,Insufficient Data,0.0,0.17,0.0,0.0,,66.7
2026-05-28,ALL,라면,4,8,0.5,0.375,0.5,0.0,-25.0,-100.0,Insufficient Data,Insufficient Data,1.0,1.67,0.0,0.0,,66.7
2026-05-28,ALL,뭉티기,4,8,1.0,0.625,0.0,0.0,-37.5,,Insufficient Data,Insufficient Data,1.0,1.8,0.0,0.0,,66.7
2026-05-28,ALL,봄봄,6,6,0.8333,1.0,0.0,0.1667,20.0,,Insufficient Data,Insufficient Data,0.0,1.17,0.0,0.0,,50.0
2026-05-28,ALL,브리또,7,5,0.7143,0.6,0.0,0.0,-16.0,,Insufficient Data,Insufficient Data,0.0,0.67,0.0,0.0,,41.7
2026-05-28,ALL,샛별제과,3,9,1.0,0.8889,0.3333,0.0,-11.11,-100.0,Insufficient Data,Insufficient Data,0.0,0.5,0.0,0.0,,75.0
2026-05-28,ALL,소주,6,6,0.3333,0.3333,0.0,0.0,0.0,,Insufficient Data,Insufficient Data,2.5,1.5,0.0,0.0,,50.0
2026-05-28,ALL,싸이버거,6,6,0.8333,0.6667,0.5,0.3333,-19.99,-33.34,Insufficient Data,Insufficient Data,0.2,0.0,0.0,0.0,,50.0
2026-05-28,ALL,우리동네,1,11,1.0,1.0,0.0,0.0,0.0,,Insufficient Data,Insufficient Data,0.0,0.55,0.0,0.0,,91.7
2026-05-28,ALL,움버거앤윙스,7,5,1.0,0.4,0.0,0.0,-60.0,,Insufficient Data,Insufficient Data,0.0,0.0,0.0,0.0,,41.7
2026-05-28,ALL,유가네,5,7,0.8,0.7143,0.4,0.2857,-10.71,-28.57,Insufficient Data,Insufficient Data,0.0,0.2,0.0,0.0,,58.3
2026-05-28,ALL,전,6,6,0.5,0.3333,0.0,0.0,-33.34,,Insufficient Data,Insufficient Data,1.33,0.5,0.0,0.0,,50.0
2026-05-28,ALL,차백도,5,7,0.6,0.7143,0.4,0.2857,19.05,-28.57,Insufficient Data,Insufficient Data,0.0,0.2,0.0,0.0,,58.3
2026-05-28,ALL,춘리마라탕,7,5,0.7143,0.8,0.2857,0.6,12.0,110.01,Insufficient Data,Insufficient Data,0.4,0.0,0.0,0.0,,41.7
2026-05-28,ALL,코끼리카페,,12,,0.9167,,0.0,,,Insufficient Data,Insufficient Data,,0.0,,0.0,,
2026-05-28,ALL,후참잘,6,6,1.0,1.0,0.1667,0.1667,0.0,0.0,Insufficient Data,Insufficient Data,0.33,0.17,0.0,0.0,,50.0
2026-05-28,BAEMIN_DELIVERY,poke,1,11,1.0,0.1818,0.0,0.0,-81.82,,Insufficient Data,Insufficient Data,1.0,1.0,0.0,0.0,,91.7
2026-05-28,BAEMIN_DELIVERY,곱창전골,7,5,0.7143,1.0,0.4286,0.6,40.0,39.99,Insufficient Data,Insufficient Data,3.0,0.2,0.0,0.0,,41.7
2026-05-28,BAEMIN_DELIVERY,김가네,4,8,0.75,0.625,0.0,0.125,-16.67,,Insufficient Data,Insufficient Data,1.67,0.6,0.0,0.0,,66.7
2026-05-28,BAEMIN_DELIVERY,김치우동,3,9,0.6667,0.5556,0.0,0.1111,-16.66,,Insufficient Data,Insufficient Data,0.0,6.8,0.0,0.0,,75.0
2026-05-28,BAEMIN_DELIVERY,라면,6,6,0.5,0.8333,0.1667,0.1667,66.66,0.0,Insufficient Data,Insufficient Data,2.67,2.0,0.0,0.0,,50.0
2026-05-28,BAEMIN_DELIVERY,마카롱,2,10,1.0,0.7,0.0,0.0,-30.0,,Insufficient Data,Insufficient Data,2.0,5.86,0.0,0.0,,83.3
2026-05-28,BAEMIN_DELIVERY,밥버거,6,6,0.6667,0.5,0.0,0.0,-25.0,,Insufficient Data,Insufficient Data,0.5,0.67,0.0,0.0,,50.0
2026-05-28,BAEMIN_DELIVERY,분식,4,8,0.75,0.375,0.5,0.125,-50.0,-75.0,Insufficient Data,Insufficient Data,2.0,7.0,0.0,0.0,,66.7
2026-05-28,BAEMIN_DELIVERY,브런치,6,6,0.8333,0.5,0.0,0.0,-40.0,,Insufficient Data,Insufficient Data,8.2,3.33,0.0,0.0,,50.0
2026-05-28,BAEMIN_DELIVERY,샐러리아,5,7,0.8,0.8571,0.4,0.1429,7.14,-64.27,Insufficient Data,Insufficient Data,0.0,0.33,0.0,0.0,,58.3
2026-05-28,BAEMIN_DELIVERY,엽떡떡볶이,3,9,0.3333,0.6667,0.0,0.3333,100.03,,Insufficient Data,Insufficient Data,1.0,0.17,0.0,0.0,,75.0
2026-05-28,BAEMIN_DELIVERY,오리,7,5,0.4286,0.6,0.2857,0.2,39.99,-30.0,Insufficient Data,Insufficient Data,0.0,0.0,0.0,0.0,,41.7
2026-05-28,BAEMIN_DELIVERY,오징어,6,6,0.6667,1.0,0.0,0.1667,49.99,,Insufficient Data,Insufficient Data,20.5,6.17,0.0,0.0,,50.0
2026-05-28,BAEMIN_DELIVERY,잔치국수,6,6,0.6667,0.6667,0.1667,0.3333,0.0,99.94,Insufficient Data,Insufficient Data,0.25,3.0,0.0,0.0,,50.0
2026-05-28,BAEMIN_DELIVERY,중국집,6,6,0.6667,0.6667,0.5,0.5,0.0,0.0,Insufficient Data,Insufficient Data,5.0,4.0,0.0,0.0,,50.0
2026-05-28,BAEMIN_DELIVERY,치아바타,6,6,0.6667,0.6667,0.1667,0.0,0.0,-100.0,Insufficient Data,Insufficient Data,5.5,2.5,0.0,0.0,,50.0
2026-05-28,BAEMIN_DELIVERY,탕짜면,1,11,1.0,0.6364,0.0,0.0909,-36.36,,Insufficient Data,Insufficient Data,0.0,1.57,0.0,0.0909,,91.7
2026-05-28,BAEMIN_DELIVERY,해물찜,4,8,0.75,0.75,0.25,0.125,0.0,-50.0,Insufficient Data,Insufficient Data,0.33,0.83,0.0,0.0,,66.7
2026-05-28,ALL,"60계치킨
",4,7,0.5,0.0,0.0,0.0,-100.0,,Insufficient Data,Insufficient Data,0.0,,0.0,0.0,,63.6
2026-05-28,ALL,Kfc,6,5,0.6667,0.8,0.3333,0.0,19.99,-100.0,Insufficient Data,Insufficient Data,0.5,0.0,0.1667,0.0,-100.0,45.5
2026-05-28,ALL,광어회,6,5,0.3333,1.0,0.1667,0.4,200.03,139.95,Insufficient Data,Insufficient Data,0.0,0.8,0.0,0.0,,45.5
2026-05-28,ALL,국물닭발,5,6,0.2,0.1667,0.0,0.0,-16.65,,Insufficient Data,Insufficient Data,3.0,2.0,0.0,0.0,,54.5
2026-05-28,ALL,노브랜드버거,5,6,0.8,0.6667,0.4,0.0,-16.66,-100.0,Insufficient Data,Insufficient Data,0.0,0.0,0.0,0.0,,54.5
2026-05-28,ALL,동근이숯불두마리치킨,1,10,1.0,0.5,0.0,0.1,-50.0,,Insufficient Data,Insufficient Data,0.0,0.4,0.0,0.0,,90.9
2026-05-28,ALL,베스킨,6,5,1.0,1.0,0.5,0.2,0.0,-60.0,Insufficient Data,Insufficient Data,0.17,0.0,0.0,0.0,,45.5
2026-05-28,ALL,양장피,5,6,0.6,0.6667,0.4,0.1667,11.12,-58.33,Insufficient Data,Insufficient Data,1.0,0.25,0.0,0.0,,54.5
2026-05-28,ALL,역전우동,5,6,0.8,1.0,0.4,0.1667,25.0,-58.33,Insufficient Data,Insufficient Data,1.0,0.0,0.0,0.0,,54.5
2026-05-28,ALL,육바연,6,5,0.8333,0.8,0.5,0.2,-4.0,-60.0,Insufficient Data,Insufficient Data,0.4,0.25,0.0,0.0,,45.5
2026-05-28,ALL,추어탕,6,5,0.6667,0.8,0.1667,0.4,19.99,139.95,Insufficient Data,Insufficient Data,1.25,0.25,0.0,0.0,,45.5
2026-05-28,ALL,카페,1,10,1.0,0.6,1.0,0.2,-40.0,-80.0,Insufficient Data,Insufficient Data,1.0,0.17,0.0,0.0,,90.9
2026-05-28,ALL,코다리,5,6,0.4,0.3333,0.0,0.0,-16.68,,Insufficient Data,Insufficient Data,2.0,0.0,0.0,0.0,,54.5
2026-05-28,BAEMIN_DELIVERY,1인회,5,6,0.4,1.0,0.0,0.3333,150.0,,Insufficient Data,Insufficient Data,0.0,2.5,0.2,0.0,-100.0,54.5
2026-05-28,BAEMIN_DELIVERY,계란말이,5,6,0.6,1.0,0.0,0.5,66.67,,Insufficient Data,Insufficient Data,3.67,4.0,0.0,0.0,,54.5
2026-05-28,BAEMIN_DELIVERY,밀크티,6,5,0.6667,0.6,0.1667,0.2,-10.0,19.98,Insufficient Data,Insufficient Data,0.75,4.67,0.0,0.0,,45.5
2026-05-28,BAEMIN_DELIVERY,반찬전문점,6,5,0.6667,0.8,0.3333,0.2,19.99,-39.99,Insufficient Data,Insufficient Data,0.25,1.25,0.0,0.0,,45.5
2026-05-28,BAEMIN_DELIVERY,버블티,5,6,0.6,0.8333,0.2,0.0,38.88,-100.0,Insufficient Data,Insufficient Data,1.33,6.2,0.0,0.0,,54.5
2026-05-28,BAEMIN_DELIVERY,보드람,2,9,0.5,0.5556,0.0,0.1111,11.12,,Insufficient Data,Insufficient Data,0.0,0.2,0.0,0.0,,81.8
2026-05-28,BAEMIN_DELIVERY,불닭,6,5,0.8333,0.2,0.0,0.0,-76.0,,Insufficient Data,Insufficient Data,9.2,12.0,0.0,0.0,,45.5
2026-05-28,BAEMIN_DELIVERY,비빔국수,6,5,0.6667,0.8,0.0,0.0,19.99,,Insufficient Data,Insufficient Data,1.25,5.25,0.0,0.0,,45.5
2026-05-28,BAEMIN_DELIVERY,순두부찌개,2,9,1.0,0.6667,0.0,0.1111,-33.33,,Insufficient Data,Insufficient Data,8.5,2.17,0.0,0.0,,81.8
2026-05-28,BAEMIN_DELIVERY,시월,,11,,0.1818,,0.0,,,Insufficient Data,Insufficient Data,,0.0,,0.0,,
2026-05-28,BAEMIN_DELIVERY,연어초밥,2,9,1.0,0.7778,0.5,0.2222,-22.22,-55.56,Insufficient Data,Insufficient Data,5.0,3.14,0.0,0.0,,81.8
2026-05-28,BAEMIN_DELIVERY,저당,3,8,1.0,0.375,0.0,0.125,-62.5,,Insufficient Data,Insufficient Data,7.33,17.33,0.0,0.0,,72.7
2026-05-28,BAEMIN_DELIVERY,파닭,5,6,0.4,0.8333,0.2,0.1667,108.33,-16.65,Insufficient Data,Insufficient Data,0.0,0.6,0.0,0.0,,54.5
2026-05-28,BAEMIN_DELIVERY,피자나라치킨공주,6,5,0.6667,0.6,0.1667,0.4,-10.0,139.95,Insufficient Data,Insufficient Data,0.75,0.0,0.0,0.0,,45.5
2026-05-28,BAEMIN_DELIVERY,후라이드 참 잘하는집,4,7,1.0,0.8571,0.25,0.4286,-14.29,71.44,Insufficient Data,Insufficient Data,1.0,0.5,0.0,0.0,,63.6
2026-05-28,ALL,1인분,5,5,0.2,0.2,0.0,0.0,0.0,,Insufficient Data,Insufficient Data,3.0,3.0,0.0,0.0,,50.0
2026-05-28,ALL,개성주악,,10,,0.7,,0.0,,,Insufficient Data,Insufficient Data,,0.71,,0.0,,
2026-05-28,ALL,계란빵,2,8,0.5,0.75,0.0,0.125,50.0,,Insufficient Data,Insufficient Data,1.0,0.67,0.0,0.0,,80.0
2026-05-28,ALL,곱창전골,3,7,1.0,0.5714,0.3333,0.0,-42.86,-100.0,Insufficient Data,Insufficient Data,2.67,0.0,0.0,0.0,,70.0
2026-05-28,ALL,달떡볶이,4,6,0.75,0.6667,0.25,0.3333,-11.11,33.32,Insufficient Data,Insufficient Data,0.0,0.25,0.0,0.0,,60.0
2026-05-28,ALL,대박나라,1,9,1.0,0.3333,1.0,0.0,-66.67,-100.0,Insufficient Data,Insufficient Data,0.0,0.0,0.0,0.0,,90.0
2026-05-28,ALL,땅스부대찌개,2,8,1.0,1.0,0.0,0.5,0.0,,Insufficient Data,Insufficient Data,0.5,0.25,0.0,0.0,,80.0
2026-05-28,ALL,띠용 ,,10,,0.6,,0.0,,,Insufficient Data,Insufficient Data,,0.0,,0.0,,
2026-05-28,ALL,열정적인 자영업자의 김치찜,,10,,0.0,,0.0,,,Insufficient Data,Insufficient Data,,,,0.0,,
2026-05-28,ALL,엽기닭발,2,8,1.0,0.25,0.0,0.0,-75.0,,Insufficient Data,Insufficient Data,0.0,0.0,0.0,0.0,,80.0
2026-05-28,ALL,정직화,,10,,0.6,,0.0,,,Insufficient Data,Insufficient Data,,0.5,,0.0,,
2026-05-28,ALL,쫀득빵,5,5,0.6,0.8,0.0,0.0,33.33,,Insufficient Data,Insufficient Data,0.67,1.0,0.0,0.0,,50.0
2026-05-28,ALL,충무김밥,3,7,0.6667,0.7143,0.3333,0.1429,7.14,-57.13,Insufficient Data,Insufficient Data,0.5,0.6,0.0,0.0,,70.0
2026-05-28,ALL,카페리브,,10,,0.8,,0.0,,,Insufficient Data,Insufficient Data,,0.0,,0.0,,
2026-05-28,ALL,텐퍼센트커피,4,6,0.75,0.8333,0.25,0.0,11.11,-100.0,Insufficient Data,Insufficient Data,0.67,1.2,0.0,0.0,,60.0
2026-05-28,ALL,포케올데이,5,5,0.6,1.0,0.4,0.2,66.67,-50.0,Insufficient Data,Insufficient Data,0.33,0.2,0.0,0.0,,50.0
2026-05-28,ALL,해쉬커피,3,7,0.6667,0.7143,0.0,0.1429,7.14,,Insufficient Data,Insufficient Data,0.0,0.6,0.0,0.0,,70.0
2026-05-28,BAEMIN_DELIVERY,경양식돈까스,3,7,1.0,0.5714,0.0,0.1429,-42.86,,Insufficient Data,Insufficient Data,1.67,0.5,0.0,0.0,,70.0
2026-05-28,BAEMIN_DELIVERY,두바이쫀득쿠키,3,7,1.0,0.8571,0.0,0.2857,-14.29,,Insufficient Data,Insufficient Data,3.0,2.0,0.0,0.0,,70.0
2026-05-28,BAEMIN_DELIVERY,떡꼬치,5,5,0.6,0.4,0.0,0.0,-33.33,,Insufficient Data,Insufficient Data,2.33,2.5,0.0,0.0,,50.0
2026-05-28,BAEMIN_DELIVERY,비빔면,4,6,0.75,0.6667,0.25,0.1667,-11.11,-33.32,Insufficient Data,Insufficient Data,5.33,3.0,0.0,0.0,,60.0
2026-05-28,BAEMIN_DELIVERY,스쿨푸드,4,6,0.75,0.8333,0.5,0.3333,11.11,-33.34,Insufficient Data,Insufficient Data,0.0,1.2,0.0,0.0,,60.0
2026-05-28,BAEMIN_DELIVERY,쏘쏘사라다,3,7,0.0,0.4286,0.0,0.2857,,,Insufficient Data,Insufficient Data,,0.0,0.0,0.0,,70.0
2026-05-28,BAEMIN_DELIVERY,아메리카노,3,7,0.6667,0.8571,0.6667,0.4286,28.56,-35.71,Insufficient Data,Insufficient Data,0.0,7.17,0.0,0.0,,70.0
2026-05-28,BAEMIN_DELIVERY,에그드랍,4,6,0.5,0.5,0.0,0.1667,0.0,,Insufficient Data,Insufficient Data,0.5,0.0,0.0,0.0,,60.0
2026-05-28,BAEMIN_DELIVERY,오리바베큐,2,8,0.5,0.25,0.0,0.0,-50.0,,Insufficient Data,Insufficient Data,21.0,0.0,0.0,0.0,,80.0
2026-05-28,BAEMIN_DELIVERY,잠봉뵈르,1,9,1.0,0.7778,0.0,0.2222,-22.22,,Insufficient Data,Insufficient Data,4.0,3.14,0.0,0.0,,90.0
2026-05-28,BAEMIN_DELIVERY,전,5,5,0.4,0.8,0.0,0.2,100.0,,Insufficient Data,Insufficient Data,4.5,0.25,0.0,0.0,,50.0
2026-05-28,BAEMIN_DELIVERY,초코바게트,5,5,1.0,0.6,0.0,0.0,-40.0,,Insufficient Data,Insufficient Data,5.0,1.33,0.0,0.0,,50.0
2026-05-28,BAEMIN_DELIVERY,크로플,3,7,0.6667,0.8571,0.0,0.1429,28.56,,Insufficient Data,Insufficient Data,1.0,9.67,0.0,0.0,,70.0
2026-05-28,BAEMIN_DELIVERY,텐동,3,7,0.6667,0.8571,0.3333,0.1429,28.56,-57.13,Insufficient Data,Insufficient Data,0.0,2.0,0.0,0.0,,70.0
2026-05-28,BAEMIN_DELIVERY,피제이피자,5,5,0.0,0.4,0.0,0.0,,,Insufficient Data,Insufficient Data,,1.0,0.0,0.0,,50.0
2026-05-28,BAEMIN_DELIVERY,후르츠산도,4,6,0.75,1.0,0.0,0.1667,33.33,,Insufficient Data,Insufficient Data,0.0,0.33,0.0,0.0,,60.0
2026-05-28,ALL,60계,2,7,1.0,0.7143,0.0,0.2857,-28.57,,Insufficient Data,Insufficient Data,0.0,0.4,0.0,0.0,,77.8
2026-05-28,ALL,가야밀면,3,6,0.6667,0.6667,0.0,0.3333,0.0,,Insufficient Data,Insufficient Data,0.0,0.5,0.0,0.0,,66.7
2026-05-28,ALL,계란말이,3,6,0.6667,0.5,0.0,0.0,-25.0,,Insufficient Data,Insufficient Data,2.0,1.0,0.0,0.0,,66.7
2026-05-28,ALL,과일모찌,4,5,1.0,0.6,0.25,0.0,-40.0,-100.0,Insufficient Data,Insufficient Data,0.75,1.0,0.0,0.0,,55.6
2026-05-28,ALL,김치우동,1,8,1.0,0.375,0.0,0.0,-62.5,,Insufficient Data,Insufficient Data,4.0,1.33,0.0,0.0,,88.9
2026-05-28,ALL,도스마스,3,6,0.6667,0.6667,0.0,0.3333,0.0,,Insufficient Data,Insufficient Data,0.0,1.0,0.0,0.0,,66.7
2026-05-28,ALL,메론,4,5,0.5,0.2,0.25,0.0,-60.0,-100.0,Insufficient Data,Insufficient Data,0.0,1.0,0.0,0.0,,55.6
2026-05-28,ALL,면,3,6,0.0,0.3333,0.0,0.0,,,Insufficient Data,Insufficient Data,,2.0,0.0,0.0,,66.7
2026-05-28,ALL,백소정,4,5,0.75,0.6,0.5,0.2,-20.0,-60.0,Insufficient Data,Insufficient Data,0.0,1.0,0.0,0.0,,55.6
2026-05-28,ALL,보드람치킨,3,6,1.0,0.8333,1.0,0.1667,-16.67,-83.33,Insufficient Data,Insufficient Data,0.67,0.2,0.0,0.0,,66.7
2026-05-28,ALL,불족발,4,5,0.5,0.6,0.0,0.2,20.0,,Insufficient Data,Insufficient Data,2.0,0.0,0.0,0.0,,55.6
2026-05-28,ALL,비빔면,2,7,0.5,0.2857,0.5,0.1429,-42.86,-71.42,Insufficient Data,Insufficient Data,2.0,1.5,0.0,0.0,,77.8
2026-05-28,ALL,사희반점,,9,,0.7778,,0.0,,,Insufficient Data,Insufficient Data,,0.43,,0.0,,
2026-05-28,ALL,아메리카노,3,6,0.0,0.6667,0.0,0.1667,,,Insufficient Data,Insufficient Data,,0.75,0.0,0.0,,66.7
2026-05-28,ALL,오니기리,4,5,0.5,0.6,0.25,0.0,20.0,-100.0,Insufficient Data,Insufficient Data,0.5,1.33,0.0,0.0,,55.6
2026-05-28,ALL,오뜨브레드,,9,,0.7778,,0.0,,,Insufficient Data,Insufficient Data,,0.86,,0.0,,
2026-05-28,ALL,이재모,1,8,1.0,0.75,1.0,0.25,-25.0,-75.0,Insufficient Data,Insufficient Data,0.0,0.17,0.0,0.0,,88.9
2026-05-28,ALL,짬뽕관,3,6,0.3333,1.0,0.3333,0.6667,200.03,100.03,Insufficient Data,Insufficient Data,0.0,0.0,0.0,0.0,,66.7
2026-05-28,ALL,치즈,2,7,0.0,0.2857,0.0,0.1429,,,Insufficient Data,Insufficient Data,,0.5,0.0,0.0,,77.8
2026-05-28,ALL,카츠,3,6,0.6667,0.3333,0.3333,0.0,-50.01,-100.0,Insufficient Data,Insufficient Data,1.0,1.0,0.0,0.0,,66.7
2026-05-28,ALL,케밥,3,6,1.0,0.5,0.3333,0.0,-50.0,-100.0,Insufficient Data,Insufficient Data,1.67,0.67,0.0,0.0,,66.7
2026-05-28,ALL,키토,3,6,1.0,1.0,0.0,0.1667,0.0,,Insufficient Data,Insufficient Data,1.0,2.67,0.0,0.0,,66.7
2026-05-28,ALL,튀김,3,6,0.0,0.1667,0.0,0.0,,,Insufficient Data,Insufficient Data,,1.0,0.0,0.0,,66.7
2026-05-28,ALL,파닭,4,5,1.0,0.4,0.25,0.2,-60.0,-20.0,Insufficient Data,Insufficient Data,0.0,1.0,0.0,0.0,,55.6
2026-05-28,ALL,파스타입니다,4,5,1.0,0.8,0.25,0.0,-20.0,-100.0,Insufficient Data,Insufficient Data,0.0,0.0,0.0,0.0,,55.6
2026-05-28,ALL,페리카나치킨,3,6,1.0,1.0,0.0,0.0,0.0,,Insufficient Data,Insufficient Data,0.0,0.17,0.0,0.0,,66.7
2026-05-28,ALL,편의점,4,5,0.0,0.2,0.0,0.0,,,Insufficient Data,Insufficient Data,,4.0,0.0,0.0,,55.6
2026-05-28,ALL,핫치즈밤,4,5,0.5,1.0,0.0,0.2,100.0,,Insufficient Data,Insufficient Data,3.0,0.0,0.0,0.0,,55.6
2026-05-28,ALL,해장,3,6,0.6667,0.1667,0.0,0.0,-75.0,,Insufficient Data,Insufficient Data,2.0,1.0,0.0,0.0,,66.7
2026-05-28,ALL,후라이드 참 잘하는집,4,5,0.75,0.6,0.0,0.2,-20.0,,Insufficient Data,Insufficient Data,0.67,1.0,0.0,0.0,,55.6
2026-05-28,BAEMIN_DELIVERY,규동,4,5,0.5,0.8,0.0,0.6,60.0,,Insufficient Data,Insufficient Data,2.5,1.25,0.0,0.0,,55.6
2026-05-28,BAEMIN_DELIVERY,기영이숯불두마리치킨,3,6,0.3333,0.8333,0.0,0.0,150.02,,Insufficient Data,Insufficient Data,1.0,0.6,0.0,0.0,,66.7
2026-05-28,BAEMIN_DELIVERY,낙지,3,6,1.0,0.5,0.0,0.0,-50.0,,Insufficient Data,Insufficient Data,0.67,1.0,0.0,0.0,,66.7
2026-05-28,BAEMIN_DELIVERY,도너츠,2,7,1.0,0.5714,0.5,0.0,-42.86,-100.0,Insufficient Data,Insufficient Data,1.5,3.0,0.0,0.0,,77.8
2026-05-28,BAEMIN_DELIVERY,두루치기,2,7,0.0,0.5714,0.0,0.2857,,,Insufficient Data,Insufficient Data,,1.5,0.0,0.0,,77.8
2026-05-28,BAEMIN_DELIVERY,땅스부대찌개,4,5,0.75,1.0,0.25,0.6,33.33,140.0,Insufficient Data,Insufficient Data,0.33,0.6,0.0,0.0,,55.6
2026-05-28,BAEMIN_DELIVERY,마제소바,3,6,0.6667,1.0,0.3333,0.3333,49.99,0.0,Insufficient Data,Insufficient Data,0.0,1.0,0.0,0.0,,66.7
2026-05-28,BAEMIN_DELIVERY,베라,1,8,1.0,0.625,1.0,0.5,-37.5,-50.0,Insufficient Data,Insufficient Data,0.0,0.6,0.0,0.0,,88.9
2026-05-28,BAEMIN_DELIVERY,빙동댕,3,6,1.0,0.5,0.0,0.0,-50.0,,Insufficient Data,Insufficient Data,0.67,0.0,0.0,0.0,,66.7
2026-05-28,BAEMIN_DELIVERY,선지해장국,2,7,1.0,0.4286,0.0,0.0,-57.14,,Insufficient Data,Insufficient Data,3.0,0.67,0.0,0.0,,77.8
2026-05-28,BAEMIN_DELIVERY,스파게티,4,5,0.5,0.2,0.0,0.2,-60.0,,Insufficient Data,Insufficient Data,4.5,0.0,0.0,0.0,,55.6
2026-05-28,BAEMIN_DELIVERY,카츠,3,6,1.0,0.5,0.3333,0.0,-50.0,-100.0,Insufficient Data,Insufficient Data,3.67,7.33,0.0,0.0,,66.7
2026-05-28,BAEMIN_DELIVERY,코다리,1,8,1.0,0.625,0.0,0.0,-37.5,,Insufficient Data,Insufficient Data,0.0,2.2,0.0,0.0,,88.9
2026-05-28,BAEMIN_DELIVERY,튀김,4,5,0.75,0.8,0.0,0.0,6.67,,Insufficient Data,Insufficient Data,5.67,8.75,0.0,0.0,,55.6
2026-05-28,ALL,간장계장,,8,,1.0,,0.0,,,Insufficient Data,Insufficient Data,,1.0,,0.0,,
2026-05-28,ALL,갈비민족,,8,,0.625,,0.0,,,Insufficient Data,Insufficient Data,,0.8,,0.0,,
2026-05-28,ALL,갓튀긴후라이드,2,6,1.0,0.8333,0.5,0.0,-16.67,-100.0,Insufficient Data,Insufficient Data,0.0,0.2,0.0,0.0,,75.0
2026-05-28,ALL,구만족발보쌈,2,6,1.0,0.8333,0.0,0.0,-16.67,,Insufficient Data,Insufficient Data,0.5,0.0,0.0,0.0,,75.0
2026-05-28,ALL,깐부치킨,2,6,1.0,0.8333,0.5,0.1667,-16.67,-66.66,Insufficient Data,Insufficient Data,0.0,0.8,0.0,0.0,,75.0
2026-05-28,ALL,낙지,3,5,0.3333,0.4,0.3333,0.0,20.01,-100.0,Insufficient Data,Insufficient Data,1.0,2.0,0.0,0.0,,62.5
2026-05-28,ALL,도시곳간,3,5,1.0,0.8,0.3333,0.2,-20.0,-39.99,Insufficient Data,Insufficient Data,0.0,0.25,0.0,0.0,,62.5
2026-05-28,ALL,두부,3,5,0.0,0.4,0.0,0.2,,,Insufficient Data,Insufficient Data,,2.5,0.0,0.0,,62.5
2026-05-28,ALL,디디씨,,8,,0.625,,0.0,,,Insufficient Data,Insufficient Data,,0.0,,0.0,,
2026-05-28,ALL,마라공방,2,6,0.5,0.8333,0.0,0.0,66.66,,Insufficient Data,Insufficient Data,0.0,1.4,0.0,0.0,,75.0
2026-05-28,ALL,맘스,3,5,0.3333,1.0,0.0,0.4,200.03,,Insufficient Data,Insufficient Data,0.0,0.4,0.0,0.0,,62.5
2026-05-28,ALL,맥날,,8,,0.625,,0.375,,,Insufficient Data,Insufficient Data,,0.2,,0.0,,
2026-05-28,ALL,무뼈국물닭발,3,5,0.0,0.2,0.0,0.2,,,Insufficient Data,Insufficient Data,,1.0,0.0,0.0,,62.5
2026-05-28,ALL,배라,2,6,1.0,0.8333,0.0,0.3333,-16.67,,Insufficient Data,Insufficient Data,1.0,0.0,0.0,0.0,,75.0
2026-05-28,ALL,베스킨라빈스31,3,5,1.0,1.0,0.6667,0.8,0.0,19.99,Insufficient Data,Insufficient Data,0.0,0.8,0.0,0.0,,62.5
2026-05-28,ALL,솥뚜껑,,8,,0.5,,0.0,,,Insufficient Data,Insufficient Data,,0.5,,0.0,,
2026-05-28,ALL,얌샘김밥,3,5,1.0,0.8,0.6667,0.2,-20.0,-70.0,Insufficient Data,Insufficient Data,0.33,0.75,0.0,0.0,,62.5
2026-05-28,ALL,에그드랍,3,5,0.3333,0.6,0.0,0.2,80.02,,Insufficient Data,Insufficient Data,0.0,0.33,0.0,0.0,,62.5
2026-05-28,ALL,옥수수,3,5,0.0,0.6,0.0,0.0,,,Insufficient Data,Insufficient Data,,1.0,0.0,0.0,,62.5
2026-05-28,ALL,인생건어물,,8,,0.375,,0.0,,,Insufficient Data,Insufficient Data,,0.0,,0.0,,
2026-05-28,ALL,잠봉뵈르,3,5,0.6667,0.6,0.3333,0.0,-10.0,-100.0,Insufficient Data,Insufficient Data,2.0,0.33,0.0,0.0,,62.5
2026-05-28,ALL,초가집,,8,,0.625,,0.0,,,Insufficient Data,Insufficient Data,,0.0,,0.0,,
2026-05-28,ALL,촉촉한 황치즈칩,2,6,0.0,0.0,0.0,0.0,,,Insufficient Data,Insufficient Data,,,0.0,0.0,,75.0
2026-05-28,ALL,치즈돈까스,2,6,1.0,0.3333,0.0,0.0,-66.67,,Insufficient Data,Insufficient Data,2.0,1.5,0.0,0.0,,75.0
2026-05-28,ALL,컵밥,1,7,0.0,0.8571,0.0,0.2857,,,Insufficient Data,Insufficient Data,,0.33,0.0,0.0,,87.5
2026-05-28,ALL,태양곱창,1,7,1.0,0.4286,0.0,0.0,-57.14,,Insufficient Data,Insufficient Data,0.0,0.0,0.0,0.0,,87.5
2026-05-28,ALL,폴바셋,1,7,1.0,0.5714,0.0,0.0,-42.86,,Insufficient Data,Insufficient Data,0.0,0.0,0.0,0.0,,87.5
2026-05-28,BAEMIN_DELIVERY,계근상,1,7,1.0,0.7143,0.0,0.0,-28.57,,Insufficient Data,Insufficient Data,0.0,0.0,0.0,0.0,,87.5
2026-05-28,BAEMIN_DELIVERY,국수나무,3,5,0.3333,0.8,0.0,0.4,140.02,,Insufficient Data,Insufficient Data,0.0,0.25,0.0,0.0,,62.5
2026-05-28,BAEMIN_DELIVERY,노랑,2,6,1.0,1.0,0.0,0.3333,0.0,,Insufficient Data,Insufficient Data,1.0,0.17,0.0,0.0,,75.0
2026-05-28,BAEMIN_DELIVERY,노모어,3,5,0.6667,0.6,0.0,0.0,-10.0,,Insufficient Data,Insufficient Data,0.5,4.0,0.0,0.0,,62.5
2026-05-28,BAEMIN_DELIVERY,노모어피자,2,6,0.5,0.5,0.0,0.3333,0.0,,Insufficient Data,Insufficient Data,2.0,0.67,0.0,0.0,,75.0
2026-05-28,BAEMIN_DELIVERY,두바이와플,3,5,1.0,0.8,0.6667,0.2,-20.0,-70.0,Insufficient Data,Insufficient Data,1.0,0.5,0.0,0.0,,62.5
2026-05-28,BAEMIN_DELIVERY,맥주,,8,,0.375,,0.0,,,Insufficient Data,Insufficient Data,,9.33,,0.0,,
2026-05-28,BAEMIN_DELIVERY,먹태,,8,,0.5,,0.125,,,Insufficient Data,Insufficient Data,,3.25,,0.0,,
2026-05-28,BAEMIN_DELIVERY,뭉티기,2,6,1.0,1.0,0.0,0.1667,0.0,,Insufficient Data,Insufficient Data,0.5,3.5,0.0,0.0,,75.0
2026-05-28,BAEMIN_DELIVERY,비빔냉면,3,5,0.6667,0.6,0.0,0.2,-10.0,,Insufficient Data,Insufficient Data,2.5,1.0,0.0,0.0,,62.5
2026-05-28,BAEMIN_DELIVERY,소곱창,3,5,0.6667,0.6,0.3333,0.2,-10.0,-39.99,Insufficient Data,Insufficient Data,1.5,3.67,0.0,0.0,,62.5
2026-05-28,BAEMIN_DELIVERY,스콘,3,5,0.6667,0.4,0.3333,0.0,-40.0,-100.0,Insufficient Data,Insufficient Data,7.0,4.0,0.0,0.0,,62.5
2026-05-28,BAEMIN_DELIVERY,엽기닭발,1,7,1.0,0.8571,0.0,0.0,-14.29,,Insufficient Data,Insufficient Data,0.0,0.0,0.0,0.0,,87.5
2026-05-28,BAEMIN_DELIVERY,엽기닭볶음탕,3,5,1.0,0.8,0.3333,0.4,-20.0,20.01,Insufficient Data,Insufficient Data,0.0,0.25,0.0,0.0,,62.5
2026-05-28,BAEMIN_DELIVERY,오토김밥,3,5,0.6667,1.0,0.3333,0.4,49.99,20.01,Insufficient Data,Insufficient Data,0.0,1.8,0.0,0.0,,62.5
2026-05-28,BAEMIN_DELIVERY,전골,2,6,1.0,0.3333,0.0,0.1667,-66.67,,Insufficient Data,Insufficient Data,4.5,0.5,0.0,0.0,,75.0
2026-05-28,BAEMIN_DELIVERY,탕화쿵푸마라탕,3,5,0.3333,0.8,0.0,0.0,140.02,,Insufficient Data,Insufficient Data,1.0,2.5,0.0,0.0,,62.5
2026-05-28,BAEMIN_DELIVERY,한식,3,5,0.6667,1.0,0.3333,0.0,49.99,-100.0,Insufficient Data,Insufficient Data,16.5,6.4,0.0,0.0,,62.5
2026-05-28,ALL,꼼장어,1,6,0.0,0.1667,0.0,0.0,,,Insufficient Data,Insufficient Data,,1.0,0.0,0.0,,85.7
2026-05-28,ALL,대패,2,5,0.5,0.8,0.0,0.4,60.0,,Insufficient Data,Insufficient Data,1.0,1.0,0.0,0.0,,71.4
2026-05-28,ALL,또래오래,1,6,1.0,1.0,0.0,0.3333,0.0,,Insufficient Data,Insufficient Data,3.0,0.17,0.0,0.0,,85.7
2026-05-28,ALL,맥모닝,2,5,1.0,1.0,0.0,0.8,0.0,,Insufficient Data,Insufficient Data,0.0,0.0,0.0,0.0,,71.4
2026-05-28,ALL,맥시카나,2,5,1.0,0.8,1.0,0.2,-20.0,-80.0,Insufficient Data,Insufficient Data,0.0,0.0,0.0,0.0,,71.4
2026-05-28,ALL,미니케이크,2,5,1.0,0.6,0.0,0.2,-40.0,,Insufficient Data,Insufficient Data,0.0,0.0,0.0,0.0,,71.4
2026-05-28,ALL,바베큐,2,5,0.0,0.6,0.0,0.2,,,Insufficient Data,Insufficient Data,,0.0,0.0,0.0,,71.4
2026-05-28,ALL,버거리,1,6,1.0,0.8333,1.0,0.5,-16.67,-50.0,Insufficient Data,Insufficient Data,0.0,0.0,0.0,0.0,,85.7
2026-05-28,ALL,부어,,7,,0.7143,,0.0,,,Insufficient Data,Insufficient Data,,0.6,,0.0,,
2026-05-28,ALL,삼첩,2,5,1.0,1.0,0.0,0.0,0.0,,Insufficient Data,Insufficient Data,0.0,0.0,0.0,0.0,,71.4
2026-05-28,ALL,소곱창,2,5,0.0,0.4,0.0,0.0,,,Insufficient Data,Insufficient Data,,0.0,0.0,0.0,,71.4
2026-05-28,ALL,앤티앤스프레즐,,7,,0.2857,,0.0,,,Insufficient Data,Insufficient Data,,0.0,,0.0,,
2026-05-28,ALL,영천,1,6,1.0,1.0,0.0,0.0,0.0,,Insufficient Data,Insufficient Data,1.0,0.33,0.0,0.0,,85.7
2026-05-28,ALL,오리바베큐,2,5,0.0,0.2,0.0,0.0,,,Insufficient Data,Insufficient Data,,1.0,0.0,0.0,,71.4
2026-05-28,ALL,자금성,2,5,0.5,0.6,0.5,0.0,20.0,-100.0,Insufficient Data,Insufficient Data,0.0,0.33,0.0,0.0,,71.4
2026-05-28,ALL,자몽,2,5,0.0,0.2,0.0,0.0,,,Insufficient Data,Insufficient Data,,1.0,0.0,0.0,,71.4
2026-05-28,ALL,전재경스시,2,5,1.0,0.8,0.0,0.0,-20.0,,Insufficient Data,Insufficient Data,0.0,0.0,0.0,0.0,,71.4
2026-05-28,ALL,족발 1인,1,6,1.0,0.5,0.0,0.3333,-50.0,,Insufficient Data,Insufficient Data,0.0,3.33,0.0,0.0,,85.7
2026-05-28,ALL,짜장,,7,,0.4286,,0.0,,,Insufficient Data,Insufficient Data,,0.67,,0.0,,
2026-05-28,ALL,최가네,1,6,0.0,0.8333,0.0,0.0,,,Insufficient Data,Insufficient Data,,0.0,0.0,0.0,,85.7
2026-05-28,ALL,춘리,2,5,0.5,0.6,0.0,0.2,20.0,,Insufficient Data,Insufficient Data,1.0,0.0,0.0,0.0,,71.4
2026-05-28,ALL,치아바타샌드위치,1,6,1.0,0.6667,0.0,0.1667,-33.33,,Insufficient Data,Insufficient Data,0.0,1.0,0.0,0.0,,85.7
2026-05-28,ALL,현대옥,2,5,0.5,0.6,0.5,0.2,20.0,-60.0,Insufficient Data,Insufficient Data,0.0,0.33,0.0,0.0,,71.4
2026-05-28,ALL,홍탕,1,6,0.0,1.0,0.0,0.0,,,Insufficient Data,Insufficient Data,,0.17,0.0,0.0,,85.7
2026-05-28,BAEMIN_DELIVERY,1인피자,2,5,0.5,0.8,0.0,0.2,60.0,,Insufficient Data,Insufficient Data,0.0,1.25,0.0,0.0,,71.4
2026-05-28,BAEMIN_DELIVERY,과일도시락,2,5,1.0,0.8,0.5,0.2,-20.0,-60.0,Insufficient Data,Insufficient Data,0.0,1.0,0.0,0.0,,71.4
2026-05-28,BAEMIN_DELIVERY,껍데기,,7,,0.5714,,0.0,,,Insufficient Data,Insufficient Data,,0.25,,0.0,,
2026-05-28,BAEMIN_DELIVERY,꿔바로우 어향가지,,7,,0.4286,,0.1429,,,Insufficient Data,Insufficient Data,,0.67,,0.0,,
2026-05-28,BAEMIN_DELIVERY,누룽지삼계탕,2,5,0.5,0.8,0.0,0.2,60.0,,Insufficient Data,Insufficient Data,1.0,2.0,0.0,0.0,,71.4
2026-05-28,BAEMIN_DELIVERY,델리만쥬,,7,,0.5714,,0.0,,,Insufficient Data,Insufficient Data,,7.25,,0.0,,
2026-05-28,BAEMIN_DELIVERY,동근이숯불두마리치킨,1,6,1.0,0.5,0.0,0.0,-50.0,,Insufficient Data,Insufficient Data,1.0,0.33,0.0,0.0,,85.7
2026-05-28,BAEMIN_DELIVERY,멕시코음식,2,5,1.0,0.6,0.0,0.0,-40.0,,Insufficient Data,Insufficient Data,1.0,4.67,0.0,0.0,,71.4
2026-05-28,BAEMIN_DELIVERY,잠봉뵈르샌드위치,,7,,0.5714,,0.1429,,,Insufficient Data,Insufficient Data,,1.5,,0.0,,
2026-05-28,BAEMIN_DELIVERY,치아바타샌드위치,,7,,0.5714,,0.0,,,Insufficient Data,Insufficient Data,,2.5,,0.0,,
2026-05-28,BAEMIN_DELIVERY,카페,1,6,0.0,0.6667,0.0,0.0,,,Insufficient Data,Insufficient Data,,0.5,0.0,0.0,,85.7
2026-05-28,BAEMIN_DELIVERY,함흥냉면,2,5,0.5,0.8,0.0,0.2,60.0,,Insufficient Data,Insufficient Data,3.0,2.25,0.0,0.0,,71.4
2026-05-28,ALL,119,,6,,1.0,,0.3333,,,Insufficient Data,Insufficient Data,,0.83,,0.0,,
2026-05-28,ALL,poke,1,5,0.0,0.2,0.0,0.0,,,Insufficient Data,Insufficient Data,,0.0,0.0,0.0,,83.3
2026-05-28,ALL,곱창볶음,1,5,0.0,0.4,0.0,0.0,,,Insufficient Data,Insufficient Data,,3.0,0.0,0.0,,83.3
2026-05-28,ALL,달달한우리,,6,,0.8333,,0.0,,,Insufficient Data,Insufficient Data,,0.0,,0.0,,
2026-05-28,ALL,두초생,1,5,1.0,0.8,0.0,0.2,-20.0,,Insufficient Data,Insufficient Data,1.0,1.5,0.0,0.0,,83.3
2026-05-28,ALL,땅콩빵,1,5,0.0,0.6,0.0,0.0,,,Insufficient Data,Insufficient Data,,0.67,0.0,0.0,,83.3
2026-05-28,ALL,봉명가닭도리탕,,6,,0.5,,0.0,,,Insufficient Data,Insufficient Data,,0.0,,0.0,,
2026-05-28,ALL,불닭볶음면,,6,,0.5,,0.0,,,Insufficient Data,Insufficient Data,,0.33,,0.0,,
2026-05-28,ALL,삼각김밥,1,5,0.0,0.8,0.0,0.0,,,Insufficient Data,Insufficient Data,,0.0,0.0,0.0,,83.3
2026-05-28,ALL,소바,1,5,1.0,0.4,0.0,0.0,-60.0,,Insufficient Data,Insufficient Data,0.0,0.5,0.0,0.0,,83.3
2026-05-28,ALL,오아스시,,6,,0.8333,,0.0,,,Insufficient Data,Insufficient Data,,0.0,,0.0,,
2026-05-28,ALL,오코노미야끼,1,5,0.0,0.8,0.0,0.0,,,Insufficient Data,Insufficient Data,,0.5,0.0,0.0,,83.3
2026-05-28,ALL,정담집,,6,,0.5,,0.0,,,Insufficient Data,Insufficient Data,,0.0,,0.0,,
2026-05-28,ALL,정인족발,,6,,1.0,,0.3333,,,Insufficient Data,Insufficient Data,,0.83,,0.0,,
2026-05-28,ALL,조선육회,1,5,1.0,1.0,1.0,0.4,0.0,-60.0,Insufficient Data,Insufficient Data,0.0,0.2,0.0,0.0,,83.3
2026-05-28,ALL,호박죽,1,5,0.0,0.4,0.0,0.2,,,Insufficient Data,Insufficient Data,,0.5,0.0,0.0,,83.3
2026-05-28,BAEMIN_DELIVERY,가츠동,1,5,1.0,0.6,1.0,0.0,-40.0,-100.0,Insufficient Data,Insufficient Data,0.0,1.33,0.0,0.0,,83.3
2026-05-28,BAEMIN_DELIVERY,돼지김치찌개,,6,,0.6667,,0.1667,,,Insufficient Data,Insufficient Data,,2.25,,0.0,,
2026-05-28,BAEMIN_DELIVERY,떡만두국,,6,,0.5,,0.3333,,,Insufficient Data,Insufficient Data,,1.67,,0.0,,
2026-05-28,BAEMIN_DELIVERY,라라코스트,1,5,1.0,0.6,1.0,0.0,-40.0,-100.0,Insufficient Data,Insufficient Data,0.0,0.0,0.0,0.0,,83.3
2026-05-28,BAEMIN_DELIVERY,로제,1,5,0.0,0.4,0.0,0.0,,,Insufficient Data,Insufficient Data,,2.5,0.0,0.0,,83.3
2026-05-28,BAEMIN_DELIVERY,망고케이크,1,5,1.0,0.8,0.0,0.0,-20.0,,Insufficient Data,Insufficient Data,1.0,6.75,0.0,0.0,,83.3
2026-05-28,BAEMIN_DELIVERY,반올림,1,5,1.0,0.4,0.0,0.2,-60.0,,Insufficient Data,Insufficient Data,0.0,0.0,0.0,0.0,,83.3
2026-05-28,BAEMIN_DELIVERY,뼈구이,1,5,1.0,0.4,0.0,0.0,-60.0,,Insufficient Data,Insufficient Data,0.0,2.5,0.0,0.0,,83.3
2026-05-28,BAEMIN_DELIVERY,아베베,,6,,0.6667,,0.0,,,Insufficient Data,Insufficient Data,,0.0,,0.0,,
2026-05-28,BAEMIN_DELIVERY,아웃백,,6,,0.3333,,0.1667,,,Insufficient Data,Insufficient Data,,0.0,,0.0,,
2026-05-28,BAEMIN_DELIVERY,야저,,6,,0.1667,,0.0,,,Insufficient Data,Insufficient Data,,0.0,,0.0,,
2026-05-28,BAEMIN_DELIVERY,짜장,,6,,0.6667,,0.1667,,,Insufficient Data,Insufficient Data,,2.5,,0.0,,
2026-05-28,BAEMIN_DELIVERY,찹쌀떡,1,5,0.0,1.0,0.0,0.2,,,Insufficient Data,Insufficient Data,,3.0,0.0,0.0,,83.3
2026-05-28,BAEMIN_DELIVERY,청포도에이드,,6,,0.5,,0.1667,,,Insufficient Data,Insufficient Data,,3.67,,0.0,,
2026-05-28,BAEMIN_DELIVERY,타코와사비,,6,,0.5,,0.1667,,,Insufficient Data,Insufficient Data,,1.67,,0.0,,
2026-05-28,BAEMIN_DELIVERY,홍콩반점0410,1,5,1.0,0.4,1.0,0.0,-60.0,-100.0,Insufficient Data,Insufficient Data,1.0,2.0,0.0,0.0,,83.3
2026-05-28,ALL,다다,,5,,1.0,,0.0,,,Insufficient Data,Insufficient Data,,0.0,,0.0,,
2026-05-28,ALL,대판오징어,,5,,0.2,,0.0,,,Insufficient Data,Insufficient Data,,0.0,,0.0,,
2026-05-28,ALL,떡만두국,,5,,0.4,,0.0,,,Insufficient Data,Insufficient Data,,0.5,,0.0,,
2026-05-28,ALL,면식당,,5,,0.8,,0.0,,,Insufficient Data,Insufficient Data,,0.25,,0.0,,
2026-05-28,ALL,밤비공기,,5,,0.6,,0.0,,,Insufficient Data,Insufficient Data,,0.0,,0.0,,
2026-05-28,ALL,배불뚝이,,5,,1.0,,0.0,,,Insufficient Data,Insufficient Data,,0.0,,0.0,,
2026-05-28,ALL,백짬뽕,,5,,0.2,,0.0,,,Insufficient Data,Insufficient Data,,0.0,,0.0,,
2026-05-28,ALL,스시빈,,5,,0.2,,0.0,,,Insufficient Data,Insufficient Data,,0.0,,0.0,,
2026-05-28,ALL,심봉사도로케,,5,,0.4,,0.0,,,Insufficient Data,Insufficient Data,,0.0,,0.0,,
2026-05-28,ALL,엽기떡볶이국물닭발,,5,,0.8,,0.0,,,Insufficient Data,Insufficient Data,,1.0,,0.0,,
2026-05-28,ALL,온정돼지국밥,,5,,0.8,,0.0,,,Insufficient Data,Insufficient Data,,0.5,,0.0,,
2026-05-28,ALL,요미조미,,5,,0.8,,0.0,,,Insufficient Data,Insufficient Data,,0.5,,0.0,,
2026-05-28,ALL,장독대,,5,,0.8,,0.0,,,Insufficient Data,Insufficient Data,,0.75,,0.0,,
2026-05-28,ALL,한방전주콩나물,,5,,0.2,,0.0,,,Insufficient Data,Insufficient Data,,0.0,,0.0,,
2026-05-28,ALL,현풍닭칼국수 산동점,,5,,0.8,,0.0,,,Insufficient Data,Insufficient Data,,1.0,,0.0,,
2026-05-28,ALL,호치킨,,5,,0.8,,0.0,,,Insufficient Data,Insufficient Data,,0.25,,0.0,,
2026-05-28,BAEMIN_DELIVERY,tmt피자,,5,,0.4,,0.0,,,Insufficient Data,Insufficient Data,,0.0,,0.0,,
2026-05-28,BAEMIN_DELIVERY,계근상 곱도리탕,,5,,0.4,,0.2,,,Insufficient Data,Insufficient Data,,0.0,,0.0,,
2026-05-28,BAEMIN_DELIVERY,기름떡볶이,,5,,0.6,,0.0,,,Insufficient Data,Insufficient Data,,0.0,,0.0,,
2026-05-28,BAEMIN_DELIVERY,꿀떡,,5,,0.8,,0.2,,,Insufficient Data,Insufficient Data,,1.75,,0.0,,
2026-05-28,BAEMIN_DELIVERY,난자완스,,5,,1.0,,0.0,,,Insufficient Data,Insufficient Data,,1.0,,0.0,,
2026-05-28,BAEMIN_DELIVERY,마파두부,,5,,0.8,,0.4,,,Insufficient Data,Insufficient Data,,1.75,,0.0,,
2026-05-28,BAEMIN_DELIVERY,바나나주스,,5,,0.6,,0.0,,,Insufficient Data,Insufficient Data,,2.0,,0.0,,
2026-05-28,BAEMIN_DELIVERY,밤비공기,,5,,1.0,,0.0,,,Insufficient Data,Insufficient Data,,0.0,,0.0,,
2026-05-28,BAEMIN_DELIVERY,소바,,5,,0.2,,0.0,,,Insufficient Data,Insufficient Data,,2.0,,0.0,,
2026-05-28,BAEMIN_DELIVERY,영빈,,5,,0.6,,0.2,,,Insufficient Data,Insufficient Data,,0.0,,0.0,,
2026-05-28,BAEMIN_DELIVERY,텐퍼센트커피,,5,,0.2,,0.0,,,Insufficient Data,Insufficient Data,,2.0,,0.0,,
2026-05-28,BAEMIN_DELIVERY,파전,,5,,1.0,,0.0,,,Insufficient Data,Insufficient Data,,0.2,,0.0,,
